timestamp,rotor_q,rotor_dq,joint_q,joint_dq,tau
0.0015,4.5237,0.0000,0.7146,0.0000,0.0000
0.0024,4.5237,0.0000,0.7146,0.0000,-0.0039
0.0035,4.5235,-0.0245,0.7146,-0.0039,0.0000
0.0045,4.5235,-0.3682,0.7146,-0.0582,0.0000
0.0054,4.5237,-0.3436,0.7146,-0.0543,0.0039
0.0064,4.5235,-0.3927,0.7146,-0.0620,0.0000
0.0074,4.5235,-0.3682,0.7146,-0.0582,0.0000
0.0084,4.5237,0.0000,0.7146,0.0000,-0.0039
0.0094,4.5235,-0.3436,0.7146,-0.0543,-0.0039
0.0105,4.5235,0.0000,0.7146,0.0000,0.0000
0.0114,4.5237,-0.0491,0.7146,-0.0078,0.0039
0.0124,4.5237,-0.0982,0.7146,-0.0155,0.0039
0.0134,4.5237,0.0000,0.7146,0.0000,0.0000
0.0144,4.5237,0.0000,0.7146,0.0000,0.0039
0.0154,4.5237,0.0000,0.7146,0.0000,0.0000
0.0164,4.5235,-0.3682,0.7146,-0.0582,-0.0039
0.0174,4.5237,0.0000,0.7146,0.0000,0.0000
0.0184,4.5237,0.0000,0.7146,0.0000,0.0039
0.0196,4.5237,-0.0245,0.7146,-0.0039,0.0039
0.0205,4.5237,0.0000,0.7146,0.0000,0.0000
0.0214,4.5237,0.0000,0.7146,0.0000,0.0039
0.0224,4.5237,0.0000,0.7146,0.0000,0.0039
0.0235,4.5235,-0.3927,0.7146,-0.0620,0.0000
0.0244,4.5235,-0.3927,0.7146,-0.0620,0.0000
0.0254,4.5235,-0.3436,0.7146,-0.0543,0.0000
0.0264,4.5235,-0.3682,0.7146,-0.0582,0.0000
0.0274,4.5235,-0.3191,0.7146,-0.0504,0.0000
0.0284,4.5235,-0.3436,0.7146,-0.0543,0.0000
0.0294,4.5237,0.0491,0.7146,0.0078,0.0039
0.0304,4.5237,-0.0245,0.7146,-0.0039,0.0000
0.0314,4.5237,0.0000,0.7146,0.0000,0.0039
0.0324,4.5237,0.0000,0.7146,0.0000,0.0039
0.0334,4.5237,0.0000,0.7146,0.0000,-0.0039
0.0344,4.5235,-0.3436,0.7146,-0.0543,0.0039
0.0354,4.5235,-0.2700,0.7146,-0.0427,0.0000
0.0364,4.5237,0.1227,0.7146,0.0194,0.0000
0.0374,4.5233,-0.6136,0.7146,-0.0969,0.0000
0.0384,4.5237,0.0491,0.7146,0.0078,0.0000
0.0394,4.5237,0.0736,0.7146,0.0116,0.0000
0.0404,4.5237,0.0000,0.7146,0.0000,0.0039
0.0414,4.5235,-0.2454,0.7146,-0.0388,0.0000
0.0424,4.5237,-0.2454,0.7146,-0.0388,0.0000
0.0434,4.5235,0.0736,0.7146,0.0116,0.0000
0.0444,4.5235,-0.2945,0.7146,-0.0465,0.0000
0.0454,4.5237,0.0245,0.7146,0.0039,0.0000
0.0464,4.5237,0.0000,0.7146,0.0000,0.0000
0.0474,4.5237,0.0000,0.7146,0.0000,0.0000
0.0485,4.5235,-0.3927,0.7146,-0.0620,0.0000
0.0505,4.5235,-0.3927,0.7146,-0.0620,0.0000
0.0515,4.5237,0.0000,0.7146,0.0000,0.0000
0.0525,4.5237,0.0491,0.7146,0.0078,0.0000
0.0534,4.5239,0.3436,0.7147,0.0543,0.0000
0.0544,4.5237,0.0000,0.7146,0.0000,-0.0039
0.0554,4.5237,0.0245,0.7146,0.0039,-0.0039
0.0564,4.5237,0.0736,0.7146,0.0116,0.0000
0.0574,4.5235,-0.2945,0.7146,-0.0465,0.0000
0.0584,4.5237,0.0000,0.7146,0.0000,0.0000
0.0594,4.5237,0.0000,0.7146,0.0000,0.0039
0.0604,4.5235,-0.2945,0.7146,-0.0465,0.0000
0.0614,4.5235,-0.3682,0.7146,-0.0582,0.0039
0.0624,4.5237,0.0000,0.7146,0.0000,0.0039
0.0635,4.5235,-0.3682,0.7146,-0.0582,0.0000
0.0644,4.5235,-0.3191,0.7146,-0.0504,0.0000
0.0654,4.5237,0.0491,0.7146,0.0078,0.0000
0.0664,4.5237,0.1227,0.7146,0.0194,0.0000
0.0674,4.5237,0.0245,0.7146,0.0039,0.0000
0.0684,4.5237,0.0000,0.7146,0.0000,-0.0039
0.0694,4.5235,-0.2700,0.7146,-0.0427,0.0000
0.0704,4.5235,0.1227,0.7146,0.0194,0.0039
0.0714,4.5237,0.1227,0.7146,0.0194,0.0039
0.0724,4.5235,-0.2945,0.7146,-0.0465,0.0000
0.0734,4.5237,0.0000,0.7146,0.0000,-0.0039
0.0744,4.5237,0.0245,0.7146,0.0039,-0.0039
0.0754,4.5237,0.0736,0.7146,0.0116,-0.0039
0.0764,4.5235,-0.2945,0.7146,-0.0465,0.0000
0.0774,4.5237,0.0000,0.7146,0.0000,0.0000
0.0784,4.5237,0.0000,0.7146,0.0000,0.0000
0.0794,4.5235,-0.3436,0.7146,-0.0543,0.0000
0.0804,4.5235,-0.2454,0.7146,-0.0388,-0.0039
0.0814,4.5235,-0.2945,0.7146,-0.0465,0.0000
0.0824,4.5235,-0.2454,0.7146,-0.0388,0.0039
0.0834,4.5235,-0.2454,0.7146,-0.0388,0.0000
0.0844,4.5237,0.0982,0.7146,0.0155,0.0039
0.0854,4.5237,0.1227,0.7146,0.0194,0.0000
0.0864,4.5233,-0.5154,0.7146,-0.0814,0.0000
0.0874,4.5235,-0.2209,0.7146,-0.0349,0.0000
0.0884,4.5235,-0.2454,0.7146,-0.0388,0.0039
0.0894,4.5237,0.0982,0.7146,0.0155,0.0000
0.0904,4.5237,0.1227,0.7146,0.0194,0.0000
0.0914,4.5235,-0.0982,0.7146,-0.0155,0.0000
0.0924,4.5237,0.2700,0.7146,0.0427,-0.0039
0.0934,4.5237,0.1227,0.7146,0.0194,0.0039
0.0944,4.5235,-0.1473,0.7146,-0.0233,0.0000
0.0954,4.5237,0.0982,0.7146,0.0155,0.0000
0.0964,4.5235,-0.2209,0.7146,-0.0349,0.0039
0.0974,4.5235,-0.2454,0.7146,-0.0388,0.0000
0.0984,4.5237,0.2700,0.7146,0.0427,0.0000
0.0994,4.5235,-0.0982,0.7146,-0.0155,0.0039
0.1004,4.5235,-0.0245,0.7146,-0.0039,0.0000
0.1014,4.5235,-0.0982,0.7146,-0.0155,-0.0039
0.1024,4.5233,-0.4418,0.7146,-0.0698,0.0000
0.1034,4.5235,-0.1473,0.7146,-0.0233,0.0000
0.1044,4.5233,-0.5154,0.7146,-0.0814,0.0000
0.1054,4.5235,-0.0245,0.7146,-0.0039,0.0039
0.1064,4.5235,0.0000,0.7146,0.0000,0.0000
0.1074,4.5235,0.0000,0.7146,0.0000,-0.0039
0.1084,4.5235,-0.0982,0.7146,-0.0155,0.0039
0.1094,4.5235,0.0000,0.7146,0.0000,0.0000
0.1104,4.5231,-0.6872,0.7146,-0.1086,-0.0039
0.1114,4.5233,-0.3191,0.7146,-0.0504,0.0000
0.1124,4.5235,0.0491,0.7146,0.0078,-0.0039
0.1134,4.5231,-0.6627,0.7146,-0.1047,0.0000
0.1144,4.5235,0.0000,0.7146,0.0000,0.0000
0.1154,4.5233,-0.3682,0.7146,-0.0582,0.0039
0.1164,4.5233,-0.3682,0.7146,-0.0582,-0.0039
0.1174,4.5233,-0.2209,0.7146,-0.0349,0.0000
0.1184,4.5233,-0.2700,0.7146,-0.0427,0.0000
0.1194,4.5235,0.0245,0.7146,0.0039,0.0039
0.1204,4.5233,-0.1963,0.7146,-0.0310,0.0000
0.1214,4.5233,-0.2454,0.7146,-0.0388,0.0000
0.1224,4.5233,-0.1227,0.7146,-0.0194,0.0000
0.1234,4.5233,-0.2945,0.7146,-0.0465,0.0000
0.1244,4.5233,-0.4172,0.7146,-0.0659,0.0000
0.1254,4.5235,0.0491,0.7146,0.0078,0.0000
0.1264,4.5233,-0.3436,0.7146,-0.0543,0.0000
0.1274,4.5235,0.1227,0.7146,0.0194,0.0000
0.1284,4.5233,-0.1473,0.7146,-0.0233,0.0000
0.1294,4.5235,0.0736,0.7146,0.0116,-0.0039
0.1304,4.5233,-0.1963,0.7146,-0.0310,0.0000
0.1314,4.5233,-0.5890,0.7146,-0.0931,0.0000
0.1324,4.5233,-0.5400,0.7146,-0.0853,0.0000
0.1334,4.5235,0.0245,0.7146,0.0039,0.0000
0.1344,4.5231,-0.6872,0.7146,-0.1086,0.0000
0.1354,4.5233,-0.2209,0.7146,-0.0349,0.0039
0.1364,4.5231,-0.6136,0.7146,-0.0969,0.0039
0.1374,4.5235,0.1227,0.7146,0.0194,0.0000
0.1384,4.5233,-0.2454,0.7146,-0.0388,0.0000
0.1394,4.5235,0.1718,0.7146,0.0271,0.0000
0.1404,4.5231,-0.5645,0.7146,-0.0892,-0.0039
0.1414,4.5235,0.1473,0.7146,0.0233,0.0039
0.1424,4.5233,-0.2454,0.7146,-0.0388,0.0000
0.1434,4.5233,-0.1963,0.7146,-0.0310,0.0000
0.1444,4.5233,-0.2454,0.7146,-0.0388,-0.0039
0.1454,4.5235,0.1227,0.7146,0.0194,0.0000
0.1464,4.5233,-0.1963,0.7146,-0.0310,-0.0039
0.1474,4.5231,-0.5645,0.7146,-0.0892,0.0000
0.1484,4.5235,0.1963,0.7146,0.0310,0.0000
0.1494,4.5235,0.2209,0.7146,0.0349,0.0039
0.1504,4.5235,0.2454,0.7146,0.0388,0.0000
0.1514,4.5233,-0.2209,0.7146,-0.0349,0.0000
0.1524,4.5233,-0.1473,0.7146,-0.0233,0.0000
0.1534,4.5233,-0.2454,0.7146,-0.0388,0.0000
0.1545,4.5233,-0.2454,0.7146,-0.0388,-0.0039
0.1555,4.5233,-0.1718,0.7146,-0.0271,0.0039
0.1564,4.5233,-0.1473,0.7146,-0.0233,0.0000
0.1575,4.5233,-0.2454,0.7146,-0.0388,0.0000
0.1585,4.5233,-0.2945,0.7146,-0.0465,0.0000
0.1594,4.5233,-0.2209,0.7146,-0.0349,-0.0039
0.1605,4.5235,0.0491,0.7146,0.0078,-0.0039
0.1615,4.5233,-0.2209,0.7146,-0.0349,0.0000
0.1624,4.5233,-0.2945,0.7146,-0.0465,0.0000
0.1634,4.5233,-0.2700,0.7146,-0.0427,0.0000
0.1645,4.5235,0.1227,0.7146,0.0194,0.0000
0.1654,4.5235,0.1718,0.7146,0.0271,0.0000
0.1664,4.5235,0.1963,0.7146,0.0310,0.0000
0.1674,4.5231,-0.5400,0.7146,-0.0853,0.0000
0.1684,4.5233,-0.3191,0.7146,-0.0504,0.0000
0.1694,4.5233,-0.2700,0.7146,-0.0427,0.0000
0.1704,4.5235,0.1227,0.7146,0.0194,0.0000
0.1720,4.5235,0.1227,0.7146,0.0194,-0.0039
0.1734,4.5231,-0.5400,0.7146,-0.0853,0.0000
0.1744,4.5233,-0.2454,0.7146,-0.0388,0.0039
0.1754,4.5231,-0.5890,0.7146,-0.0931,0.0000
0.1764,4.5235,0.1963,0.7146,0.0310,-0.0039
0.1774,4.5237,0.3682,0.7146,0.0582,0.0000
0.1784,4.5233,-0.4418,0.7146,-0.0698,0.0000
0.1794,4.5233,-0.3927,0.7146,-0.0620,0.0039
0.1804,4.5233,-0.3927,0.7146,-0.0620,0.0000
0.1814,4.5231,-0.6627,0.7146,-0.1047,0.0000
0.1824,4.5231,0.0491,0.7146,0.0078,0.0000
0.1834,4.5235,0.0000,0.7146,0.0000,-0.0039
0.1844,4.5235,0.0000,0.7146,0.0000,0.0000
0.1854,4.5235,0.0491,0.7146,0.0078,0.0039
0.1864,4.5231,-0.6381,0.7146,-0.1008,0.0000
0.1874,4.5233,-0.3682,0.7146,-0.0582,0.0000
0.1891,4.5235,0.0982,0.7146,0.0155,0.0000
0.1905,4.5233,-0.3682,0.7146,-0.0582,0.0039
0.1925,4.5233,-0.3436,0.7146,-0.0543,0.0000
0.1945,4.5237,0.3436,0.7146,0.0543,0.0039
0.1967,4.5231,-0.5890,0.7146,-0.0931,0.0000
0.1984,4.5233,-0.3682,0.7146,-0.0582,0.0000
0.1994,4.5235,0.0245,0.7146,0.0039,0.0000
0.2004,4.5235,0.0245,0.7146,0.0039,0.0000
0.2014,4.5233,-0.3927,0.7146,-0.0620,-0.0039
0.2024,4.5233,-0.3191,0.7146,-0.0504,0.0039
0.2034,4.5237,0.3191,0.7146,0.0504,0.0039
0.2044,4.5235,0.0000,0.7146,0.0000,0.0039
0.2054,4.5235,0.0245,0.7146,0.0039,0.0039
0.2064,4.5235,0.1473,0.7146,0.0233,0.0000
0.2074,4.5231,-0.6627,0.7146,-0.1047,0.0039
0.2084,4.5233,-0.2700,0.7146,-0.0427,0.0000
0.2094,4.5235,0.0000,0.7146,0.0000,0.0000
0.2104,4.5237,0.3191,0.7146,0.0504,0.0000
0.2114,4.5235,0.0736,0.7146,0.0116,-0.0039
0.2124,4.5237,0.2700,0.7146,0.0427,0.0000
0.2134,4.5233,-0.4663,0.7146,-0.0737,0.0000
0.2144,4.5233,-0.3927,0.7146,-0.0620,0.0000
0.2154,4.5235,0.0000,0.7146,0.0000,0.0000
0.2164,4.5233,-0.2945,0.7146,-0.0465,0.0000
0.2174,4.5233,-0.0491,0.7146,-0.0078,0.0000
0.2184,4.5233,-0.4418,0.7146,-0.0698,0.0000
0.2194,4.5235,-0.2700,0.7146,-0.0427,0.0000
0.2204,4.5233,-0.3191,0.7146,-0.0504,0.0000
0.2214,4.5235,0.0000,0.7146,0.0000,0.0000
0.2224,4.5237,0.3436,0.7146,0.0543,0.0000
0.2234,4.5233,-0.3682,0.7146,-0.0582,0.0000
0.2244,4.5237,0.2700,0.7146,0.0427,0.0000
0.2254,4.5233,-0.3927,0.7146,-0.0620,0.0039
0.2264,4.5235,-0.0736,0.7146,-0.0116,-0.0039
0.2274,4.5233,-0.4418,0.7146,-0.0698,0.0039
0.2284,4.5233,-0.3682,0.7146,-0.0582,0.0000
0.2294,4.5235,-0.0245,0.7146,-0.0039,0.0039
0.2304,4.5233,-0.3436,0.7146,-0.0543,0.0000
0.2314,4.5233,-0.3927,0.7146,-0.0620,-0.0039
0.2324,4.5235,-0.0491,0.7146,-0.0078,0.0000
0.2334,4.5235,-0.0245,0.7146,-0.0039,0.0000
0.2354,4.5233,-0.3436,0.7146,-0.0543,-0.0039
0.2364,4.5233,-0.2945,0.7146,-0.0465,-0.0039
0.2374,4.5235,0.0000,0.7146,0.0000,0.0039
0.2384,4.5235,-0.0736,0.7146,-0.0116,-0.0039
0.2394,4.5233,-0.2454,0.7146,-0.0388,0.0000
0.2404,4.5237,0.3927,0.7146,0.0620,0.0039
0.2414,4.5233,-0.5400,0.7146,-0.0853,0.0000
0.2424,4.5233,-0.3682,0.7146,-0.0582,-0.0039
0.2434,4.5235,-0.0982,0.7146,-0.0155,0.0000
0.2444,4.5235,0.0000,0.7146,0.0000,0.0000
0.2454,4.5233,-0.4172,0.7146,-0.0659,0.0039
0.2464,4.5235,0.0000,0.7146,0.0000,0.0000
0.2474,4.5237,0.3191,0.7146,0.0504,0.0000
0.2484,4.5235,-0.0245,0.7146,-0.0039,0.0039
0.2494,4.5233,-0.4172,0.7146,-0.0659,-0.0039
0.2504,4.5231,-0.0736,0.7146,-0.0116,0.0000
0.2514,4.5233,-0.4909,0.7146,-0.0775,0.0000
0.2524,4.5235,-0.0736,0.7146,-0.0116,-0.0039
0.2534,4.5237,0.2209,0.7146,0.0349,0.0000
0.2544,4.5235,-0.0491,0.7146,-0.0078,0.0000
0.2554,4.5235,0.0000,0.7146,0.0000,0.0000
0.2564,4.5235,-0.0736,0.7146,-0.0116,0.0039
0.2574,4.5235,-0.0982,0.7146,-0.0155,0.0000
0.2584,4.5235,-0.1227,0.7146,-0.0194,0.0000
0.2594,4.5235,-0.1227,0.7146,-0.0194,0.0000
0.2604,4.5235,-0.2209,0.7146,-0.0349,0.0000
0.2614,4.5235,-0.1227,0.7146,-0.0194,0.0000
0.2624,4.5235,-0.1718,0.7146,-0.0271,0.0039
0.2634,4.5235,-0.0982,0.7146,-0.0155,0.0000
0.2644,4.5233,-0.4172,0.7146,-0.0659,0.0000
0.2654,4.5235,-0.0491,0.7146,-0.0078,0.0000
0.2664,4.5235,-0.0491,0.7146,-0.0078,0.0000
0.2674,4.5235,-0.0245,0.7146,-0.0039,0.0039
0.2684,4.5235,-0.0491,0.7146,-0.0078,0.0000
0.2694,4.5237,0.1718,0.7146,0.0271,0.0039
0.2704,4.5233,-0.5645,0.7146,-0.0892,0.0039
0.2714,4.5235,-0.2454,0.7146,-0.0388,0.0039
0.2724,4.5233,-0.5154,0.7146,-0.0814,0.0000
0.2734,4.5235,-0.2209,0.7146,-0.0349,0.0000
0.2744,4.5237,0.1473,0.7146,0.0233,0.0000
0.2754,4.5233,-0.5890,0.7146,-0.0931,0.0000
0.2764,4.5235,-0.2454,0.7146,-0.0388,0.0000
0.2774,4.5237,-0.2454,0.7146,-0.0388,0.0000
0.2784,4.5235,-0.1227,0.7146,-0.0194,0.0000
0.2794,4.5235,-0.1718,0.7146,-0.0271,0.0000
0.2804,4.5233,-0.1227,0.7146,-0.0194,0.0000
0.2814,4.5237,-0.0982,0.7146,-0.0155,-0.0039
0.2824,4.5235,-0.0491,0.7146,-0.0078,0.0000
0.2834,4.5235,-0.0982,0.7146,-0.0155,0.0000
0.2844,4.5233,-0.4663,0.7146,-0.0737,0.0000
0.2854,4.5235,-0.1227,0.7146,-0.0194,0.0000
0.2864,4.5235,-0.0982,0.7146,-0.0155,0.0039
0.2874,4.5235,-0.0982,0.7146,-0.0155,0.0000
0.2884,4.5237,0.1963,0.7146,0.0310,0.0039
0.2894,4.5235,-0.1963,0.7146,-0.0310,0.0000
0.2904,4.5235,-0.0736,0.7146,-0.0116,-0.0039
0.2914,4.5231,-0.7118,0.7146,-0.1124,0.0000
0.2924,4.5235,0.0000,0.7146,0.0000,0.0000
0.2934,4.5237,0.2454,0.7146,0.0388,0.0039
0.2944,4.5235,-0.1227,0.7146,-0.0194,0.0000
0.2954,4.5235,-0.0491,0.7146,-0.0078,0.0000
0.2964,4.5233,-0.3682,0.7146,-0.0582,0.0000
0.2974,4.5235,0.0000,0.7146,0.0000,0.0000
0.2984,4.5237,0.3436,0.7146,0.0543,0.0000
0.2994,4.5235,0.0000,0.7146,0.0000,0.0000
0.3004,4.5233,-0.3682,0.7146,-0.0582,-0.0039
0.3014,4.5233,-0.3927,0.7146,-0.0620,0.0000
0.3024,4.5233,-0.5154,0.7146,-0.0814,0.0000
0.3034,4.5237,0.2454,0.7146,0.0388,0.0039
0.3044,4.5233,-0.3682,0.7146,-0.0582,0.0000
0.3054,4.5235,-0.0491,0.7146,-0.0078,0.0000
0.3064,4.5235,0.0000,0.7146,0.0000,0.0039
0.3074,4.5233,-0.3436,0.7146,-0.0543,0.0000
0.3084,4.5233,-0.4663,0.7146,-0.0737,0.0000
0.3094,4.5237,0.3436,0.7146,0.0543,0.0039
0.3104,4.5235,-0.0245,0.7146,-0.0039,0.0000
0.3114,4.5235,-0.0245,0.7146,-0.0039,0.0000
0.3124,4.5233,-0.0491,0.7146,-0.0078,0.0039
0.3134,4.5233,-0.3682,0.7146,-0.0582,0.0000
0.3144,4.5231,-0.7118,0.7146,-0.1124,0.0000
0.3154,4.5237,0.3927,0.7146,0.0620,-0.0039
0.3164,4.5237,0.2700,0.7146,0.0427,0.0000
0.3174,4.5233,-0.2945,0.7146,-0.0465,0.0000
0.3184,4.5233,-0.3682,0.7146,-0.0582,0.0000
0.3194,4.5235,-0.1227,0.7146,-0.0194,0.0039
0.3204,4.5231,-0.7363,0.7146,-0.1163,0.0000
0.3214,4.5235,0.0736,0.7146,0.0116,-0.0039
0.3224,4.5233,-0.3682,0.7146,-0.0582,0.0000
0.3234,4.5237,0.3436,0.7146,0.0543,0.0000
0.3244,4.5231,-0.8345,0.7146,-0.1318,0.0000
0.3254,4.5235,0.0245,0.7146,0.0039,0.0000
0.3264,4.5235,-0.0736,0.7146,-0.0116,0.0000
0.3274,4.5235,-0.0982,0.7146,-0.0155,0.0000
0.3284,4.5235,-0.0982,0.7146,-0.0155,0.0000
0.3294,4.5233,-0.4172,0.7146,-0.0659,0.0000
0.3304,4.5235,-0.0491,0.7146,-0.0078,0.0000
0.3314,4.5235,-0.1718,0.7146,-0.0271,-0.0039
0.3324,4.5235,0.0245,0.7146,0.0039,0.0000
0.3334,4.5237,0.2209,0.7146,0.0349,-0.0039
0.3344,4.5235,-0.0736,0.7146,-0.0116,0.0000
0.3354,4.5235,-0.0245,0.7146,-0.0039,-0.0039
0.3364,4.5235,-0.0245,0.7146,-0.0039,-0.0039
0.3374,4.5235,-0.0245,0.7146,-0.0039,0.0000
0.3384,4.5235,-0.0491,0.7146,-0.0078,0.0000
0.3394,4.5237,0.1963,0.7146,0.0310,-0.0039
0.3404,4.5233,-0.3927,0.7146,-0.0620,0.0000
0.3414,4.5237,0.2209,0.7146,0.0349,0.0000
0.3424,4.5235,-0.1227,0.7146,-0.0194,0.0039
0.3434,4.5235,-0.0982,0.7146,-0.0155,0.0000
0.3444,4.5237,-0.0736,0.7146,-0.0116,0.0000
0.3454,4.5233,-0.3436,0.7146,-0.0543,0.0000
0.3464,4.5235,-0.0736,0.7146,-0.0116,0.0039
0.3474,4.5233,-0.2945,0.7146,-0.0465,0.0000
0.3484,4.5233,-0.3682,0.7146,-0.0582,0.0000
0.3494,4.5235,0.0000,0.7146,0.0000,0.0000
0.3504,4.5237,0.2945,0.7146,0.0465,0.0039
0.3514,4.5233,-0.3927,0.7146,-0.0620,-0.0039
0.3524,4.5233,-0.3436,0.7146,-0.0543,0.0000
0.3534,4.5233,-0.3191,0.7146,-0.0504,0.0000
0.3544,4.5233,-0.3191,0.7146,-0.0504,0.0000
0.3554,4.5233,-0.2700,0.7146,-0.0427,0.0000
0.3564,4.5233,-0.3682,0.7146,-0.0582,0.0000
0.3574,4.5237,0.3927,0.7146,0.0620,0.0000
0.3584,4.5235,-0.0491,0.7146,-0.0078,-0.0039
0.3594,4.5235,0.0982,0.7146,0.0155,0.0000
0.3604,4.5235,-0.1963,0.7146,-0.0310,0.0000
0.3614,4.5237,0.1473,0.7146,0.0233,0.0039
0.3624,4.5235,-0.1473,0.7146,-0.0233,0.0039
0.3634,4.5235,-0.1227,0.7146,-0.0194,0.0000
0.3644,4.5235,-0.1473,0.7146,-0.0233,0.0000
0.3654,4.5237,0.1473,0.7146,0.0233,0.0039
0.3664,4.5235,-0.0736,0.7146,-0.0116,0.0000
0.3674,4.5233,-0.2700,0.7146,-0.0427,0.0039
0.3684,4.5235,0.0982,0.7146,0.0155,0.0000
0.3694,4.5235,-0.0491,0.7146,-0.0078,0.0000
0.3704,4.5233,-0.4663,0.7146,-0.0737,0.0000
0.3714,4.5235,0.0000,0.7146,0.0000,0.0039
0.3724,4.5233,-0.4418,0.7146,-0.0698,0.0000
0.3734,4.5235,-0.0982,0.7146,-0.0155,-0.0039
0.3744,4.5237,0.2945,0.7146,0.0465,0.0039
0.3754,4.5237,0.2454,0.7146,0.0388,0.0000
0.3764,4.5237,0.1718,0.7146,0.0271,0.0000
0.3774,4.5235,-0.0736,0.7146,-0.0116,0.0000
0.3784,4.5235,-0.0245,0.7146,-0.0039,0.0039
0.3794,4.5235,-0.0245,0.7146,-0.0039,0.0039
0.3804,4.5237,0.2700,0.7146,0.0427,0.0000
0.3814,4.5233,-0.3927,0.7146,-0.0620,0.0039
0.3824,4.5233,-0.3927,0.7146,-0.0620,-0.0039
0.3834,4.5233,-0.3682,0.7146,-0.0582,0.0000
0.3844,4.5237,0.3682,0.7146,0.0582,0.0000
0.3854,4.5235,-0.0736,0.7146,-0.0116,0.0000
0.3864,4.5233,-0.4418,0.7146,-0.0698,-0.0039
0.3874,4.5235,0.0245,0.7146,0.0039,0.0000
0.3884,4.5235,-0.2454,0.7146,-0.0388,0.0039
0.3894,4.5235,-0.2700,0.7146,-0.0427,0.0000
0.3904,4.5237,0.1473,0.7146,0.0233,0.0000
0.3914,4.5237,0.2700,0.7146,0.0427,0.0000
0.3924,4.5235,-0.1227,0.7146,-0.0194,0.0039
0.3934,4.5237,0.1963,0.7146,0.0310,0.0039
0.3944,4.5235,-0.1227,0.7146,-0.0194,0.0000
0.3954,4.5235,-0.1473,0.7146,-0.0233,0.0000
0.3964,4.5235,-0.0491,0.7146,-0.0078,0.0000
0.3974,4.5235,-0.1473,0.7146,-0.0233,-0.0039
0.3984,4.5235,-0.0245,0.7146,-0.0039,0.0039
0.3994,4.5235,0.0000,0.7146,0.0000,0.0000
0.4004,4.5233,-0.4909,0.7146,-0.0775,0.0000
0.4014,4.5235,-0.0982,0.7146,-0.0155,-0.0039
0.4024,4.5235,-0.5400,0.7146,-0.0853,0.0000
0.4034,4.5235,0.0000,0.7146,0.0000,0.0000
0.4044,4.5235,0.0000,0.7146,0.0000,0.0000
0.4054,4.5237,-0.3927,0.7146,-0.0620,0.0000
0.4064,4.5235,-0.0736,0.7146,-0.0116,0.0000
0.4074,4.5237,-0.0982,0.7146,-0.0155,0.0039
0.4084,4.5237,0.3191,0.7146,0.0504,0.0000
0.4094,4.5235,-0.1227,0.7146,-0.0194,0.0039
0.4104,4.5233,-0.4418,0.7146,-0.0698,0.0039
0.4114,4.5235,0.0000,0.7146,0.0000,0.0000
0.4124,4.5235,-0.0245,0.7146,-0.0039,0.0000
0.4134,4.5237,0.2209,0.7146,0.0349,0.0039
0.4144,4.5235,-0.1963,0.7146,-0.0310,0.0000
0.4154,4.5237,0.1227,0.7146,0.0194,0.0000
0.4164,4.5237,0.1227,0.7146,0.0194,0.0000
0.4174,4.5237,0.2700,0.7146,0.0427,0.0000
0.4184,4.5235,-0.0491,0.7146,-0.0078,-0.0039
0.4194,4.5235,-0.0245,0.7146,-0.0039,0.0000
0.4204,4.5235,-0.0491,0.7146,-0.0078,0.0000
0.4214,4.5237,0.2700,0.7146,0.0427,0.0039
0.4224,4.5233,-0.4172,0.7146,-0.0659,0.0000
0.4234,4.5235,-0.1473,0.7146,-0.0233,0.0039
0.4244,4.5235,-0.0982,0.7146,-0.0155,0.0000
0.4254,4.5235,-0.1473,0.7146,-0.0233,0.0000
0.4264,4.5237,0.1718,0.7146,0.0271,0.0000
0.4274,4.5233,-0.4909,0.7146,-0.0775,-0.0039
0.4284,4.5235,-0.0245,0.7146,-0.0039,0.0000
0.4294,4.5233,-0.4418,0.7146,-0.0698,0.0000
0.4304,4.5237,0.2700,0.7146,0.0427,0.0000
0.4314,4.5237,0.1963,0.7146,0.0310,0.0039
0.4324,4.5237,0.1227,0.7146,0.0194,0.0000
0.4334,4.5235,-0.1963,0.7146,-0.0310,0.0000
0.4344,4.5235,-0.0245,0.7146,-0.0039,0.0039
0.4354,4.5233,-0.0736,0.7146,-0.0116,-0.0039
0.4364,4.5233,-0.1718,0.7146,-0.0271,0.0000
0.4374,4.5235,-0.0982,0.7146,-0.0155,0.0000
0.4384,4.5237,-0.1963,0.7146,-0.0310,-0.0039
0.4394,4.5231,-0.9327,0.7146,-0.1473,0.0000
0.4404,4.5235,-0.0491,0.7146,-0.0078,0.0039
0.4414,4.5237,0.2945,0.7146,0.0465,0.0000
0.4424,4.5237,0.1473,0.7146,0.0233,-0.0039
0.4434,4.5233,-0.4172,0.7146,-0.0659,-0.0039
0.4444,4.5235,-0.0245,0.7146,-0.0039,0.0000
0.4454,4.5235,-0.0982,0.7146,-0.0155,0.0039
0.4464,4.5237,0.1227,0.7146,0.0194,0.0000
0.4474,4.5237,0.1473,0.7146,0.0233,0.0039
0.4484,4.5235,-0.2209,0.7146,-0.0349,0.0000
0.4494,4.5237,0.1718,0.7146,0.0271,0.0000
0.4504,4.5235,-0.0736,0.7146,-0.0116,0.0000
0.4514,4.5237,0.2945,0.7146,0.0465,0.0000
0.4524,4.5235,-0.1473,0.7146,-0.0233,0.0039
0.4534,4.5235,-0.0982,0.7146,-0.0155,0.0000
0.4544,4.5237,0.2209,0.7146,0.0349,0.0000
0.4554,4.5235,-0.1473,0.7146,-0.0233,0.0000
0.4564,4.5235,-0.1473,0.7146,-0.0233,0.0000
0.4574,4.5233,-0.4418,0.7146,-0.0698,0.0000
0.4584,4.5235,-0.1473,0.7146,-0.0233,-0.0039
0.4594,4.5233,-0.5645,0.7146,-0.0892,0.0039
0.4604,4.5235,-0.2209,0.7146,-0.0349,-0.0039
0.4614,4.5235,-0.2209,0.7146,-0.0349,0.0000
0.4624,4.5235,-0.2454,0.7146,-0.0388,0.0000
0.4634,4.5235,-0.1963,0.7146,-0.0310,0.0000
0.4644,4.5237,0.1227,0.7146,0.0194,-0.0039
0.4654,4.5237,0.1963,0.7146,0.0310,0.0000
0.4664,4.5233,-0.4663,0.7146,-0.0737,-0.0039
0.4674,4.5237,0.1963,0.7146,0.0310,0.0039
0.4684,4.5233,-0.5890,0.7146,-0.0931,-0.0039
0.4694,4.5235,-0.1473,0.7146,-0.0233,0.0000
0.4704,4.5235,-0.0736,0.7146,-0.0116,0.0039
0.4714,4.5237,0.1963,0.7146,0.0310,0.0000
0.4724,4.5235,-0.2454,0.7146,-0.0388,0.0039
0.4734,4.5237,0.1227,0.7146,0.0194,0.0039
0.4744,4.5235,-0.2454,0.7146,-0.0388,0.0000
0.4754,4.5233,-0.5645,0.7146,-0.0892,0.0000
0.4764,4.5235,-0.0982,0.7146,-0.0155,0.0039
0.4774,4.5237,0.2209,0.7146,0.0349,0.0000
0.4784,4.5233,-0.5400,0.7146,-0.0853,0.0000
0.4794,4.5235,-0.1473,0.7146,-0.0233,-0.0039
0.4804,4.5233,-0.4663,0.7146,-0.0737,0.0000
0.4814,4.5235,-0.1473,0.7146,-0.0233,0.0039
0.4824,4.5235,-0.1963,0.7146,-0.0310,-0.0039
0.4845,4.5235,-0.1473,0.7146,-0.0233,0.0000
0.4854,4.5235,-0.0982,0.7146,-0.0155,-0.0039
0.4864,4.5233,-0.4418,0.7146,-0.0698,-0.0039
0.4874,4.5233,-0.5400,0.7146,-0.0853,0.0000
0.4884,4.5233,-0.3927,0.7146,-0.0620,0.0000
0.4904,4.5237,0.1963,0.7146,0.0310,0.0000
0.4914,4.5237,0.1227,0.7146,0.0194,0.0000
0.4924,4.5235,-0.2209,0.7146,-0.0349,-0.0039
0.4934,4.5235,-0.1963,0.7146,-0.0310,0.0000
0.4944,4.5237,0.1227,0.7146,0.0194,0.0039
0.4954,4.5233,-0.5400,0.7146,-0.0853,0.0000
0.4964,4.5233,-0.0736,0.7146,-0.0116,0.0039
0.4979,4.5237,0.1227,0.7146,0.0194,0.0000
0.4995,4.5237,0.1963,0.7146,0.0310,-0.0039
0.5015,4.5233,-0.5890,0.7146,-0.0931,0.0000
0.5025,4.5233,-0.5400,0.7146,-0.0853,0.0039
0.5045,4.5237,0.1473,0.7146,0.0233,0.0000
0.5054,4.5237,0.1227,0.7146,0.0194,0.0000
0.5064,4.5233,-0.5645,0.7146,-0.0892,0.0000
0.5074,4.5233,-0.6872,0.7146,-0.1086,0.0000
0.5084,4.5235,-0.2945,0.7146,-0.0465,-0.0039
0.5094,4.5237,0.1963,0.7146,0.0310,0.0000
0.5104,4.5237,0.2209,0.7146,0.0349,0.0000
0.5114,4.5233,-0.4663,0.7146,-0.0737,0.0000
0.5124,4.5233,-0.4909,0.7146,-0.0775,-0.0039
0.5134,4.5235,-0.1718,0.7146,-0.0271,0.0000
0.5155,4.5235,-0.1227,0.7146,-0.0194,0.0000
0.5174,4.5237,0.0982,0.7146,0.0155,0.0000
0.5184,4.5237,0.0000,0.7146,0.0000,0.0000
0.5194,4.5235,-0.2945,0.7146,-0.0465,0.0000
0.5214,4.5235,-0.3191,0.7146,-0.0504,-0.0039
0.5224,4.5237,0.0736,0.7146,0.0116,0.0000
0.5234,4.5235,-0.2454,0.7146,-0.0388,0.0039
0.5244,4.5235,-0.2454,0.7146,-0.0388,0.0000
0.5254,4.5237,0.0982,0.7146,0.0155,0.0000
0.5264,4.5237,0.0000,0.7146,0.0000,0.0000
0.5274,4.5237,0.0245,0.7146,0.0039,0.0000
0.5284,4.5235,-0.7118,0.7146,-0.1124,0.0000
0.5294,4.5237,0.0982,0.7146,0.0155,-0.0039
0.5305,4.5237,0.0982,0.7146,0.0155,0.0000
0.5314,4.5235,-0.2700,0.7146,-0.0427,0.0000
0.5324,4.5235,-0.2700,0.7146,-0.0427,0.0000
0.5334,4.5237,0.0000,0.7146,0.0000,0.0000
0.5344,4.5237,0.0982,0.7146,0.0155,0.0039
0.5354,4.5235,-0.2454,0.7146,-0.0388,0.0000
0.5364,4.5237,0.1227,0.7146,0.0194,0.0000
0.5374,4.5237,0.0982,0.7146,0.0155,0.0000
0.5384,4.5235,-0.2700,0.7146,-0.0427,0.0000
0.5394,4.5235,-0.2454,0.7146,-0.0388,-0.0039
0.5404,4.5235,-0.2454,0.7146,-0.0388,0.0039
0.5414,4.5237,0.1718,0.7146,0.0271,0.0000
0.5424,4.5235,-0.2454,0.7146,-0.0388,-0.0039
0.5434,4.5237,0.0491,0.7146,0.0078,0.0000
0.5444,4.5235,-0.2945,0.7146,-0.0465,0.0000
0.5454,4.5235,-0.3682,0.7146,-0.0582,0.0000
0.5464,4.5237,0.0000,0.7146,0.0000,0.0000
0.5474,4.5237,0.0000,0.7146,0.0000,0.0000
0.5484,4.5235,-0.3927,0.7146,-0.0620,0.0000
0.5494,4.5237,0.0000,0.7146,0.0000,0.0000
0.5504,4.5237,0.0000,0.7146,0.0000,0.0000
0.5514,4.5237,0.0000,0.7146,0.0000,0.0000
0.5524,4.5235,-0.2454,0.7146,-0.0388,0.0000
0.5534,4.5233,-0.7118,0.7146,-0.1124,-0.0039
0.5544,4.5235,-0.3191,0.7146,-0.0504,0.0000
0.5554,4.5237,0.0736,0.7146,0.0116,-0.0039
0.5564,4.5237,0.1227,0.7146,0.0194,0.0039
0.5574,4.5235,-0.2700,0.7146,-0.0427,0.0039
0.5584,4.5237,0.0000,0.7146,0.0000,0.0039
0.5594,4.5235,-0.2700,0.7146,-0.0427,0.0039
0.5604,4.5235,-0.3682,0.7146,-0.0582,0.0000
0.5614,4.5235,-0.3682,0.7146,-0.0582,0.0000
0.5624,4.5237,0.0491,0.7146,0.0078,0.0000
0.5634,4.5237,0.0736,0.7146,0.0116,0.0000
0.5644,4.5235,-0.3682,0.7146,-0.0582,0.0000
0.5654,4.5237,0.2209,0.7146,0.0349,0.0000
0.5664,4.5237,0.0982,0.7146,0.0155,0.0000
0.5674,4.5237,0.0736,0.7146,0.0116,-0.0039
0.5684,4.5233,-0.5890,0.7146,-0.0931,0.0000
0.5694,4.5237,0.0000,0.7146,0.0000,0.0000
0.5704,4.5237,0.1473,0.7146,0.0233,0.0000
0.5714,4.5235,-0.2945,0.7146,-0.0465,0.0000
0.5724,4.5235,-0.2945,0.7146,-0.0465,0.0000
0.5734,4.5235,-0.2454,0.7146,-0.0388,0.0000
0.5754,4.5235,-0.2945,0.7146,-0.0465,0.0000
0.5764,4.5237,0.1227,0.7146,0.0194,0.0000
0.5774,4.5237,0.0982,0.7146,0.0155,0.0039
0.5784,4.5235,-0.5400,0.7146,-0.0853,0.0000
0.5794,4.5237,0.1227,0.7146,0.0194,0.0039
0.5804,4.5237,-0.3191,0.7146,-0.0504,0.0000
0.5814,4.5235,-0.2454,0.7146,-0.0388,0.0000
0.5824,4.5237,0.1473,0.7146,0.0233,0.0000
0.5834,4.5235,-0.2454,0.7146,-0.0388,-0.0039
0.5844,4.5235,-0.2945,0.7146,-0.0465,0.0000
0.5854,4.5235,-0.2945,0.7146,-0.0465,0.0000
0.5864,4.5237,0.0491,0.7146,0.0078,-0.0039
0.5874,4.5235,-0.3191,0.7146,-0.0504,-0.0039
0.5884,4.5235,-0.2209,0.7146,-0.0349,0.0000
0.5894,4.5235,-0.2454,0.7146,-0.0388,0.0000
0.5904,4.5237,0.1227,0.7146,0.0194,0.0000
0.5914,4.5237,0.1227,0.7146,0.0194,0.0000
0.5924,4.5235,-0.2454,0.7146,-0.0388,0.0000
0.5934,4.5237,0.0245,0.7146,0.0039,0.0000
0.5944,4.5237,0.0000,0.7146,0.0000,-0.0039
0.5954,4.5233,-0.4909,0.7146,-0.0775,0.0000
0.5964,4.5235,-0.2945,0.7146,-0.0465,0.0000
0.5974,4.5235,-0.2454,0.7146,-0.0388,0.0000
0.5984,4.5237,0.0982,0.7146,0.0155,0.0000
0.5994,4.5235,-0.2209,0.7146,-0.0349,0.0000
0.6006,4.5235,-0.2700,0.7146,-0.0427,0.0039
0.6025,4.5235,-0.2454,0.7146,-0.0388,0.0039
0.6034,4.5237,0.0736,0.7146,0.0116,0.0000
0.6044,4.5235,-0.2454,0.7146,-0.0388,0.0000
0.6054,4.5237,0.1963,0.7146,0.0310,0.0000
0.6065,4.5235,-0.3191,0.7146,-0.0504,0.0039
0.6074,4.5235,-0.2454,0.7146,-0.0388,-0.0039
0.6084,4.5237,0.1227,0.7146,0.0194,0.0000
0.6094,4.5235,-0.3191,0.7146,-0.0504,0.0000
0.6104,4.5233,-0.5890,0.7146,-0.0931,0.0000
0.6114,4.5235,-0.2209,0.7146,-0.0349,0.0039
0.6124,4.5235,-0.2700,0.7146,-0.0427,-0.0039
0.6134,4.5237,0.0000,0.7146,0.0000,-0.0039
0.6144,4.5237,0.0245,0.7146,0.0039,-0.0039
0.6154,4.5235,-0.3436,0.7146,-0.0543,0.0039
0.6164,4.5237,0.1227,0.7146,0.0194,0.0000
0.6174,4.5235,-0.2454,0.7146,-0.0388,-0.0039
0.6194,4.5237,0.0491,0.7146,0.0078,0.0000
0.6204,4.5235,-0.2209,0.7146,-0.0349,0.0000
0.6214,4.5235,-0.3436,0.7146,-0.0543,0.0000
0.6224,4.5237,0.0982,0.7146,0.0155,0.0000
0.6234,4.5237,0.0982,0.7146,0.0155,-0.0039
0.6244,4.5235,-0.2209,0.7146,-0.0349,0.0000
0.6254,4.5235,-0.3682,0.7146,-0.0582,0.0000
0.6264,4.5237,0.0000,0.7146,0.0000,0.0000
0.6275,4.5235,-0.2700,0.7146,-0.0427,0.0000
0.6285,4.5237,0.0245,0.7146,0.0039,0.0000
0.6304,4.5237,0.0245,0.7146,0.0039,0.0000
0.6314,4.5237,0.0245,0.7146,0.0039,0.0000
0.6324,4.5237,-0.2454,0.7146,-0.0388,0.0039
0.6334,4.5235,-0.3436,0.7146,-0.0543,0.0000
0.6344,4.5237,0.0982,0.7146,0.0155,0.0000
0.6354,4.5235,0.1227,0.7146,0.0194,0.0000
0.6364,4.5233,-0.2209,0.7146,-0.0349,0.0000
0.6374,4.5235,-0.2454,0.7146,-0.0388,0.0000
0.6384,4.5235,-0.2700,0.7146,-0.0427,0.0000
0.6394,4.5237,0.0000,0.7146,0.0000,0.0000
0.6404,4.5235,-0.2700,0.7146,-0.0427,0.0117
0.6414,4.5235,-0.1718,0.7146,-0.0271,-0.0039
0.6424,4.5237,0.0982,0.7146,0.0155,0.0000
0.6434,4.5237,0.1227,0.7146,0.0194,0.0000
0.6444,4.5235,-0.2945,0.7146,-0.0465,0.0000
0.6454,4.5237,0.1227,0.7146,0.0194,0.0000
0.6464,4.5237,0.1227,0.7146,0.0194,0.0000
0.6474,4.5237,0.0491,0.7146,0.0078,0.0000
0.6484,4.5235,-0.2454,0.7146,-0.0388,0.0000
0.6494,4.5235,-0.2454,0.7146,-0.0388,0.0000
0.6504,4.5237,0.1718,0.7146,0.0271,0.0000
0.6514,4.5233,-0.6627,0.7146,-0.1047,0.0000
0.6524,4.5237,0.1227,0.7146,0.0194,0.0039
0.6534,4.5237,0.2209,0.7146,0.0349,0.0000
0.6544,4.5235,-0.1963,0.7146,-0.0310,0.0000
0.6554,4.5237,0.1718,0.7146,0.0271,0.0000
0.6564,4.5235,-0.2209,0.7146,-0.0349,0.0000
0.6574,4.5237,0.0982,0.7146,0.0155,0.0000
0.6584,4.5237,-0.3191,0.7146,-0.0504,-0.0039
0.6594,4.5237,0.0736,0.7146,0.0116,0.0000
0.6604,4.5233,-0.6136,0.7146,-0.0969,-0.0039
0.6614,4.5235,-0.1963,0.7146,-0.0310,-0.0039
0.6624,4.5235,0.1227,0.7146,0.0194,0.0000
0.6634,4.5235,-0.2454,0.7146,-0.0388,0.0000
0.6644,4.5237,-0.5154,0.7146,-0.0814,0.0000
0.6654,4.5235,-0.1718,0.7146,-0.0271,-0.0039
0.6664,4.5235,-0.2945,0.7146,-0.0465,0.0000
0.6674,4.5237,0.1227,0.7146,0.0194,-0.0039
0.6684,4.5237,0.0245,0.7146,0.0039,-0.0039
0.6694,4.5237,0.0000,0.7146,0.0000,-0.0039
0.6704,4.5237,0.0982,0.7146,0.0155,-0.0039
0.6714,4.5237,0.0245,0.7146,0.0039,0.0000
0.6724,4.5237,0.0736,0.7146,0.0116,0.0000
0.6734,4.5235,-0.3682,0.7146,-0.0582,0.0000
0.6744,4.5235,-0.1473,0.7146,-0.0233,0.0000
0.6754,4.5235,-0.1963,0.7146,-0.0310,0.0039
0.6764,4.5235,-0.0982,0.7146,-0.0155,0.0000
0.6774,4.5237,0.2209,0.7146,0.0349,0.0000
0.6784,4.5235,-0.0982,0.7146,-0.0155,0.0000
0.6794,4.5233,-0.5890,0.7146,-0.0931,0.0000
0.6804,4.5237,0.1718,0.7146,0.0271,-0.0039
0.6814,4.5235,-0.2454,0.7146,-0.0388,0.0000
0.6824,4.5235,-0.2209,0.7146,-0.0349,0.0000
0.6837,4.5235,-0.2209,0.7146,-0.0349,-0.0039
0.6854,4.5237,0.1227,0.7146,0.0194,0.0000
0.6864,4.5237,0.0982,0.7146,0.0155,0.0000
0.6874,4.5233,-0.5645,0.7146,-0.0892,0.0000
0.6884,4.5233,-0.5154,0.7146,-0.0814,-0.0039
0.6894,4.5235,-0.4663,0.7146,-0.0737,0.0000
0.6904,4.5235,-0.1718,0.7146,-0.0271,0.0000
0.6914,4.5235,-0.1963,0.7146,-0.0310,0.0000
0.6924,4.5235,-0.1963,0.7146,-0.0310,0.0000
0.6934,4.5235,-0.1227,0.7146,-0.0194,0.0000
0.6944,4.5237,0.1227,0.7146,0.0194,0.0000
0.6954,4.5235,-0.1718,0.7146,-0.0271,0.0000
0.6964,4.5235,-0.1718,0.7146,-0.0271,0.0000
0.6984,4.5235,-0.1963,0.7146,-0.0310,0.0000
0.7004,4.5235,-0.1963,0.7146,-0.0310,0.0000
0.7014,4.5235,-0.2454,0.7146,-0.0388,0.0000
0.7024,4.5233,-0.5400,0.7146,-0.0853,0.0000
0.7034,4.5235,-0.2454,0.7146,-0.0388,0.0000
0.7044,4.5235,-0.1718,0.7146,-0.0271,0.0000
0.7054,4.5235,-0.1473,0.7146,-0.0233,0.0039
0.7064,4.5237,0.2209,0.7146,0.0349,0.0000
0.7074,4.5237,0.2209,0.7146,0.0349,-0.0039
0.7084,4.5235,-0.1473,0.7146,-0.0233,0.0000
0.7094,4.5233,-0.5154,0.7146,-0.0814,0.0000
0.7104,4.5233,-0.6136,0.7146,-0.0969,0.0000
0.7114,4.5233,-0.5400,0.7146,-0.0853,-0.0039
0.7124,4.5235,-0.2454,0.7146,-0.0388,0.0000
0.7134,4.5235,-0.2209,0.7146,-0.0349,0.0039
0.7144,4.5233,-0.4909,0.7146,-0.0775,-0.0039
0.7154,4.5237,0.1718,0.7146,0.0271,0.0000
0.7164,4.5239,0.4909,0.7147,0.0775,-0.0039
0.7174,4.5235,-0.0982,0.7146,-0.0155,0.0000
0.7184,4.5233,-0.5154,0.7146,-0.0814,0.0000
0.7194,4.5237,0.2700,0.7146,0.0427,0.0000
0.7204,4.5233,-0.5890,0.7146,-0.0931,0.0039
0.7214,4.5233,-0.4663,0.7146,-0.0737,0.0000
0.7224,4.5233,-0.0982,0.7146,-0.0155,-0.0039
0.7234,4.5235,-0.0245,0.7146,-0.0039,0.0000
0.7244,4.5237,0.2209,0.7146,0.0349,0.0000
0.7254,4.5233,-0.4909,0.7146,-0.0775,0.0039
0.7264,4.5235,-0.1963,0.7146,-0.0310,0.0000
0.7274,4.5237,0.1473,0.7146,0.0233,0.0000
0.7284,4.5237,0.1963,0.7146,0.0310,0.0000
0.7294,4.5237,0.1963,0.7146,0.0310,0.0000
0.7304,4.5235,-0.2454,0.7146,-0.0388,0.0000
0.7314,4.5235,0.0000,0.7146,0.0000,0.0039
0.7324,4.5235,-0.0491,0.7146,-0.0078,0.0000
0.7334,4.5233,-0.3682,0.7146,-0.0582,0.0000
0.7344,4.5237,0.2209,0.7146,0.0349,0.0000
0.7354,4.5233,-0.4418,0.7146,-0.0698,0.0000
0.7364,4.5233,-0.3927,0.7146,-0.0620,0.0000
0.7374,4.5237,0.1963,0.7146,0.0310,-0.0039
0.7384,4.5235,-0.1963,0.7146,-0.0310,0.0000
0.7394,4.5235,-0.0982,0.7146,-0.0155,-0.0039
0.7404,4.5235,-0.1473,0.7146,-0.0233,0.0000
0.7416,4.5235,-0.1963,0.7146,-0.0310,0.0039
0.7434,4.5233,-0.4418,0.7146,-0.0698,0.0000
0.7454,4.5233,-0.4663,0.7146,-0.0737,0.0000
0.7474,4.5237,0.2945,0.7146,0.0465,0.0000
0.7484,4.5235,0.0000,0.7146,0.0000,0.0039
0.7494,4.5235,-0.0491,0.7146,-0.0078,0.0000
0.7504,4.5235,-0.0982,0.7146,-0.0155,0.0000
0.7514,4.5235,-0.2454,0.7146,-0.0388,0.0000
0.7524,4.5235,-0.3927,0.7146,-0.0620,0.0000
0.7534,4.5235,-0.2209,0.7146,-0.0349,0.0000
0.7544,4.5233,-0.4663,0.7146,-0.0737,0.0039
0.7555,4.5233,-0.4663,0.7146,-0.0737,0.0039
0.7564,4.5235,-0.1227,0.7146,-0.0194,0.0000
0.7574,4.5237,0.3191,0.7146,0.0504,0.0000
0.7584,4.5237,0.2209,0.7146,0.0349,0.0000
0.7594,4.5235,-0.0982,0.7146,-0.0155,0.0039
0.7604,4.5237,0.1963,0.7146,0.0310,0.0000
0.7614,4.5237,0.2209,0.7146,0.0349,0.0000
0.7624,4.5233,-0.5400,0.7146,-0.0853,0.0039
0.7634,4.5235,-0.1473,0.7146,-0.0233,0.0000
0.7644,4.5235,-0.0736,0.7146,-0.0116,-0.0039
0.7654,4.5235,-0.0982,0.7146,-0.0155,0.0000
0.7664,4.5237,0.1227,0.7146,0.0194,0.0039
0.7674,4.5235,-0.1963,0.7146,-0.0310,0.0000
0.7684,4.5235,-0.1473,0.7146,-0.0233,0.0000
0.7694,4.5235,-0.0736,0.7146,-0.0116,0.0000
0.7704,4.5233,-0.4418,0.7146,-0.0698,0.0000
0.7714,4.5235,-0.1227,0.7146,-0.0194,0.0000
0.7724,4.5235,-0.0736,0.7146,-0.0116,0.0000
0.7734,4.5233,-0.3927,0.7146,-0.0620,0.0000
0.7744,4.5235,0.0000,0.7146,0.0000,0.0000
0.7754,4.5235,-0.0736,0.7146,-0.0116,0.0039
0.7764,4.5235,-0.2209,0.7146,-0.0349,0.0039
0.7774,4.5235,-0.0982,0.7146,-0.0155,-0.0039
0.7784,4.5237,0.2700,0.7146,0.0427,0.0000
0.7794,4.5235,-0.0491,0.7146,-0.0078,0.0000
0.7804,4.5235,-0.2700,0.7146,-0.0427,0.0000
0.7814,4.5237,-0.3682,0.7146,-0.0582,0.0039
0.7824,4.5235,0.3436,0.7146,0.0543,0.0039
0.7834,4.5235,0.2700,0.7146,0.0427,0.0000
0.7844,4.5235,-0.4909,0.7146,-0.0775,-0.0039
0.7854,4.5233,-0.4909,0.7146,-0.0775,0.0000
0.7864,4.5235,-0.0491,0.7146,-0.0078,-0.0039
0.7874,4.5235,-0.0245,0.7146,-0.0039,0.0000
0.7884,4.5235,-0.0736,0.7146,-0.0116,-0.0039
0.7894,4.5235,-0.0491,0.7146,-0.0078,-0.0039
0.7904,4.5235,-0.1718,0.7146,-0.0271,0.0039
0.7914,4.5237,0.2945,0.7146,0.0465,0.0000
0.7924,4.5235,-0.1473,0.7146,-0.0233,0.0000
0.7934,4.5237,0.2454,0.7146,0.0388,0.0000
0.7944,4.5235,-0.0491,0.7146,-0.0078,0.0000
0.7954,4.5235,-0.0982,0.7146,-0.0155,0.0000
0.7964,4.5235,-0.1718,0.7146,-0.0271,0.0000
0.7974,4.5233,-0.4418,0.7146,-0.0698,0.0000
0.7984,4.5233,-0.3436,0.7146,-0.0543,0.0000
0.7994,4.5233,-0.3436,0.7146,-0.0543,0.0039
0.8004,4.5235,-0.0982,0.7146,-0.0155,0.0000
0.8014,4.5235,0.0000,0.7146,0.0000,0.0000
0.8024,4.5235,0.0245,0.7146,0.0039,0.0039
0.8034,4.5235,-0.0491,0.7146,-0.0078,0.0000
0.8044,4.5233,-0.4172,0.7146,-0.0659,0.0000
0.8054,4.5235,-0.0736,0.7146,-0.0116,0.0000
0.8064,4.5237,0.2945,0.7146,0.0465,-0.0039
0.8074,4.5235,-0.0245,0.7146,-0.0039,0.0000
0.8084,4.5235,-0.1227,0.7146,-0.0194,0.0000
0.8094,4.5235,-0.1227,0.7146,-0.0194,0.0000
0.8104,4.5235,-0.1718,0.7146,-0.0271,0.0000
0.8114,4.5235,-0.1718,0.7146,-0.0271,0.0000
0.8124,4.5235,-0.4418,0.7146,-0.0698,0.0039
0.8134,4.5235,-0.5400,0.7146,-0.0853,0.0000
0.8144,4.5235,-0.1963,0.7146,-0.0310,0.0000
0.8154,4.5235,0.2454,0.7146,0.0388,0.0000
0.8164,4.5235,-0.1718,0.7146,-0.0271,0.0000
0.8174,4.5233,-0.4909,0.7146,-0.0775,0.0000
0.8184,4.5235,-0.2209,0.7146,-0.0349,0.0039
0.8194,4.5235,-0.2209,0.7146,-0.0349,0.0000
0.8204,4.5237,0.1963,0.7146,0.0310,0.0000
0.8214,4.5233,-0.5154,0.7146,-0.0814,0.0000
0.8224,4.5235,-0.1473,0.7146,-0.0233,0.0000
0.8234,4.5233,-0.4909,0.7146,-0.0775,0.0039
0.8244,4.5235,-0.0245,0.7146,-0.0039,0.0000
0.8254,4.5235,-0.0736,0.7146,-0.0116,0.0000
0.8264,4.5235,-0.0245,0.7146,-0.0039,0.0000
0.8274,4.5233,-0.5154,0.7146,-0.0814,-0.0039
0.8284,4.5235,-0.1718,0.7146,-0.0271,0.0000
0.8294,4.5235,-0.1718,0.7146,-0.0271,0.0000
0.8304,4.5237,0.2454,0.7146,0.0388,0.0000
0.8314,4.5235,-0.1963,0.7146,-0.0310,0.0000
0.8324,4.5235,-0.0736,0.7146,-0.0116,0.0000
0.8334,4.5237,0.2209,0.7146,0.0349,0.0000
0.8344,4.5235,-0.2209,0.7146,-0.0349,0.0000
0.8354,4.5235,-0.0491,0.7146,-0.0078,0.0039
0.8364,4.5237,0.3682,0.7146,0.0582,0.0000
0.8374,4.5235,-0.0736,0.7146,-0.0116,0.0000
0.8384,4.5235,-0.0245,0.7146,-0.0039,0.0000
0.8394,4.5233,-0.4663,0.7146,-0.0737,0.0000
0.8404,4.5233,-0.3682,0.7146,-0.0582,0.0000
0.8414,4.5235,-0.0245,0.7146,-0.0039,0.0000
0.8424,4.5237,0.2700,0.7146,0.0427,0.0000
0.8434,4.5235,0.0000,0.7146,0.0000,0.0078
0.8444,4.5235,-0.0245,0.7146,-0.0039,0.0000
0.8454,4.5235,0.0000,0.7146,0.0000,0.0000
0.8464,4.5235,-0.0491,0.7146,-0.0078,-0.0039
0.8474,4.5235,-0.0245,0.7146,-0.0039,0.0000
0.8484,4.5235,0.0000,0.7146,0.0000,0.0000
0.8494,4.5235,0.0491,0.7146,0.0078,0.0000
0.8504,4.5233,-0.3927,0.7146,-0.0620,0.0000
0.8514,4.5237,0.2454,0.7146,0.0388,0.0000
0.8524,4.5235,-0.0736,0.7146,-0.0116,-0.0039
0.8534,4.5235,0.0000,0.7146,0.0000,0.0000
0.8544,4.5237,0.4172,0.7146,0.0659,0.0000
0.8554,4.5235,-0.0736,0.7146,-0.0116,0.0000
0.8564,4.5237,0.3191,0.7146,0.0504,0.0000
0.8574,4.5237,0.2700,0.7146,0.0427,0.0039
0.8584,4.5233,-0.3436,0.7146,-0.0543,0.0000
0.8594,4.5235,0.0000,0.7146,0.0000,0.0039
0.8604,4.5235,-0.0245,0.7146,-0.0039,0.0000
0.8614,4.5233,-0.4418,0.7146,-0.0698,0.0000
0.8624,4.5235,0.0491,0.7146,0.0078,0.0039
0.8634,4.5235,-0.0982,0.7146,-0.0155,0.0000
0.8644,4.5233,-0.3682,0.7146,-0.0582,0.0000
0.8654,4.5235,0.0245,0.7146,0.0039,0.0000
0.8664,4.5235,-0.0491,0.7146,-0.0078,0.0039
0.8674,4.5233,0.2700,0.7146,0.0427,0.0000
0.8684,4.5237,0.3927,0.7146,0.0620,0.0000
0.8694,4.5235,0.0000,0.7146,0.0000,0.0000
0.8704,4.5233,-0.4418,0.7146,-0.0698,0.0000
0.8714,4.5235,-0.0245,0.7146,-0.0039,0.0000
0.8724,4.5235,0.0000,0.7146,0.0000,0.0039
0.8734,4.5237,0.3927,0.7146,0.0620,-0.0039
0.8744,4.5233,-0.2945,0.7146,-0.0465,0.0000
0.8754,4.5233,-0.2700,0.7146,-0.0427,0.0039
0.8764,4.5235,-0.0491,0.7146,-0.0078,0.0039
0.8774,4.5235,0.0491,0.7146,0.0078,0.0000
0.8784,4.5233,-0.3682,0.7146,-0.0582,0.0000
0.8794,4.5235,-0.0245,0.7146,-0.0039,0.0039
0.8804,4.5235,-0.0245,0.7146,-0.0039,-0.0039
0.8814,4.5233,-0.2454,0.7146,-0.0388,0.0000
0.8824,4.5235,-0.0245,0.7146,-0.0039,0.0000
0.8834,4.5233,-0.3682,0.7146,-0.0582,0.0000
0.8844,4.5237,0.3191,0.7146,0.0504,0.0000
0.8854,4.5235,-0.0736,0.7146,-0.0116,0.0000
0.8864,4.5233,-0.4418,0.7146,-0.0698,0.0000
0.8874,4.5235,0.0491,0.7146,0.0078,0.0000
0.8884,4.5231,-0.7609,0.7146,-0.1202,0.0000
0.8894,4.5235,-0.1963,0.7146,-0.0310,0.0039
0.8904,4.5233,-0.3191,0.7146,-0.0504,0.0000
0.8914,4.5235,-0.0736,0.7146,-0.0116,0.0000
0.8924,4.5235,0.0736,0.7146,0.0116,0.0000
0.8934,4.5233,-0.3191,0.7146,-0.0504,-0.0039
0.8944,4.5233,-0.3436,0.7146,-0.0543,0.0000
0.8954,4.5233,-0.3682,0.7146,-0.0582,0.0000
0.8964,4.5235,-0.1227,0.7146,-0.0194,0.0000
0.8974,4.5235,-0.0736,0.7146,-0.0116,-0.0039
0.8984,4.5235,-0.1227,0.7146,-0.0194,0.0000
0.8994,4.5233,-0.3927,0.7146,-0.0620,0.0039
0.9004,4.5235,-0.0245,0.7146,-0.0039,0.0039
0.9014,4.5235,-0.0245,0.7146,-0.0039,-0.0039
0.9024,4.5235,-0.1718,0.7146,-0.0271,0.0000
0.9034,4.5233,-0.3927,0.7146,-0.0620,0.0000
0.9044,4.5235,0.0245,0.7146,0.0039,0.0000
0.9054,4.5235,-0.0736,0.7146,-0.0116,0.0000
0.9064,4.5233,-0.3927,0.7146,-0.0620,0.0039
0.9084,4.5235,-0.0982,0.7146,-0.0155,0.0000
0.9094,4.5235,-0.1473,0.7146,-0.0233,0.0000
0.9104,4.5235,-0.0982,0.7146,-0.0155,0.0000
0.9114,4.5235,0.1227,0.7146,0.0194,0.0039
0.9124,4.5235,0.0491,0.7146,0.0078,0.0000
0.9134,4.5233,-0.4172,0.7146,-0.0659,0.0000
0.9144,4.5235,-0.0245,0.7146,-0.0039,0.0000
0.9154,4.5237,0.2454,0.7146,0.0388,-0.0039
0.9164,4.5231,-0.7609,0.7146,-0.1202,0.0039
0.9174,4.5237,0.1227,0.7146,0.0194,0.0000
0.9184,4.5237,0.1963,0.7146,0.0310,-0.0039
0.9194,4.5235,-0.0736,0.7146,-0.0116,0.0000
0.9204,4.5235,-0.1227,0.7146,-0.0194,0.0000
0.9214,4.5233,-0.4418,0.7146,-0.0698,0.0000
0.9224,4.5233,-0.5400,0.7146,-0.0853,0.0000
0.9234,4.5235,-0.0982,0.7146,-0.0155,0.0039
0.9244,4.5235,-0.1963,0.7146,-0.0310,0.0000
0.9254,4.5235,-0.2454,0.7146,-0.0388,0.0000
0.9264,4.5237,0.1227,0.7146,0.0194,0.0000
0.9274,4.5233,-0.5645,0.7146,-0.0892,0.0000
0.9284,4.5235,-0.2454,0.7146,-0.0388,0.0000
0.9294,4.5235,-0.2209,0.7146,-0.0349,0.0000
0.9304,4.5237,0.1718,0.7146,0.0271,0.0000
0.9314,4.5237,0.1718,0.7146,0.0271,0.0000
0.9324,4.5235,-0.0982,0.7146,-0.0155,0.0000
0.9334,4.5233,-0.4172,0.7146,-0.0659,0.0000
0.9344,4.5235,0.2209,0.7146,0.0349,0.0000
0.9354,4.5235,0.1718,0.7146,0.0271,0.0039
0.9364,4.5235,-0.0982,0.7146,-0.0155,0.0000
0.9374,4.5235,-0.1963,0.7146,-0.0310,0.0000
0.9384,4.5235,0.1718,0.7146,0.0271,0.0000
0.9394,4.5237,0.1227,0.7146,0.0194,0.0000
0.9404,4.5235,-0.1963,0.7146,-0.0310,0.0000
0.9414,4.5235,-0.1718,0.7146,-0.0271,0.0039
0.9424,4.5233,-0.5645,0.7146,-0.0892,0.0000
0.9434,4.5233,-0.4663,0.7146,-0.0737,0.0039
0.9444,4.5235,-0.0982,0.7146,-0.0155,0.0000
0.9454,4.5233,-0.5400,0.7146,-0.0853,0.0000
0.9464,4.5235,-0.0491,0.7146,-0.0078,0.0000
0.9474,4.5235,-0.0736,0.7146,-0.0116,0.0000
0.9484,4.5233,-0.5645,0.7146,-0.0892,0.0000
0.9494,4.5235,-0.0491,0.7146,-0.0078,0.0000
0.9504,4.5235,-0.0982,0.7146,-0.0155,0.0000
0.9514,4.5233,-0.5154,0.7146,-0.0814,0.0000
0.9524,4.5235,-0.0736,0.7146,-0.0116,0.0000
0.9534,4.5237,0.1718,0.7146,0.0271,0.0000
0.9544,4.5235,-0.0982,0.7146,-0.0155,-0.0039
0.9554,4.5235,-0.2454,0.7146,-0.0388,0.0000
0.9564,4.5235,-0.1718,0.7146,-0.0271,0.0000
0.9574,4.5237,0.1473,0.7146,0.0233,0.0000
0.9584,4.5235,-0.2454,0.7146,-0.0388,-0.0039
0.9594,4.5237,0.1473,0.7146,0.0233,0.0039
0.9603,4.5237,0.0736,0.7146,0.0116,-0.0039
0.9614,4.5235,-0.2209,0.7146,-0.0349,0.0039
0.9624,4.5235,-0.1963,0.7146,-0.0310,0.0000
0.9634,4.5235,-0.2209,0.7146,-0.0349,-0.0039
0.9644,4.5237,0.0982,0.7146,0.0155,0.0000
0.9654,4.5235,-0.1718,0.7146,-0.0271,0.0000
0.9664,4.5233,0.0982,0.7146,0.0155,0.0039
0.9674,4.5235,-0.1473,0.7146,-0.0233,-0.0039
0.9684,4.5233,-0.4418,0.7146,-0.0698,0.0000
0.9694,4.5235,-0.0982,0.7146,-0.0155,0.0000
0.9704,4.5235,0.2209,0.7146,0.0349,0.0000
0.9714,4.5233,-0.3927,0.7146,-0.0620,0.0000
0.9724,4.5235,-0.5400,0.7146,-0.0853,0.0000
0.9734,4.5237,0.1963,0.7146,0.0310,0.0000
0.9778,4.5233,-0.4418,0.7146,-0.0698,0.0039
0.9858,4.5235,0.0000,0.7146,0.0000,0.0000
0.9945,4.5235,-0.0491,0.7146,-0.0078,0.0000
1.0034,4.5237,0.3436,0.7146,0.0543,0.0000
1.0044,4.5235,0.0982,0.7146,0.0155,0.0000
1.0064,4.5233,-0.2945,0.7146,-0.0465,0.0000
1.0084,4.5235,0.1473,0.7146,0.0233,-0.0039
1.0093,4.5235,0.1473,0.7146,0.0233,0.0000
1.0103,4.5233,-0.2454,0.7146,-0.0388,-0.0039
1.0113,4.5233,-0.2454,0.7146,-0.0388,0.0000
1.0123,4.5233,-0.2454,0.7146,-0.0388,0.0000
1.0133,4.5233,-0.3682,0.7146,-0.0582,0.0000
1.0143,4.5233,-0.2945,0.7146,-0.0465,-0.0039
1.0153,4.5231,-0.5890,0.7146,-0.0931,0.0000
1.0163,4.5233,-0.3191,0.7146,-0.0504,0.0000
1.0173,4.5231,-0.6872,0.7146,-0.1086,-0.0039
1.0183,4.5233,-0.2945,0.7146,-0.0465,0.0000
1.0193,4.5235,0.0245,0.7146,0.0039,0.0000
1.0203,4.5235,0.0000,0.7146,0.0000,0.0000
1.0213,4.5233,-0.1718,0.7146,-0.0271,0.0039
1.0223,4.5233,-0.2454,0.7146,-0.0388,0.0000
1.0233,4.5233,-0.3682,0.7146,-0.0582,-0.0039
1.0243,4.5233,-0.3191,0.7146,-0.0504,0.0000
1.0253,4.5233,-0.2945,0.7146,-0.0465,0.0039
1.0263,4.5233,-0.1473,0.7146,-0.0233,0.0000
1.0273,4.5235,0.1718,0.7146,0.0271,0.0000
1.0283,4.5235,0.2209,0.7146,0.0349,0.0000
1.0293,4.5235,0.1227,0.7146,0.0194,0.0000
1.0303,4.5233,-0.2454,0.7146,-0.0388,-0.0039
1.0313,4.5235,0.0000,0.7146,0.0000,-0.0039
1.0323,4.5233,-0.2454,0.7146,-0.0388,0.0000
1.0333,4.5233,-0.2700,0.7146,-0.0427,0.0000
1.0343,4.5233,-0.1963,0.7146,-0.0310,0.0000
1.0353,4.5237,0.3682,0.7146,0.0582,0.0000
1.0363,4.5233,-0.2454,0.7146,-0.0388,0.0000
1.0373,4.5235,0.1227,0.7146,0.0194,-0.0039
1.0383,4.5233,-0.2945,0.7146,-0.0465,0.0000
1.0393,4.5233,-0.2700,0.7146,-0.0427,-0.0039
1.0403,4.5233,-0.2454,0.7146,-0.0388,-0.0039
1.0413,4.5235,0.1227,0.7146,0.0194,0.0000
1.0423,4.5233,-0.2945,0.7146,-0.0465,0.0000
1.0433,4.5235,0.0245,0.7146,0.0039,0.0039
1.0443,4.5235,0.1227,0.7146,0.0194,0.0000
1.0453,4.5235,0.1227,0.7146,0.0194,0.0039
1.0463,4.5237,0.5154,0.7146,0.0814,-0.0039
1.0473,4.5233,-0.1963,0.7146,-0.0310,0.0000
1.0483,4.5235,0.1227,0.7146,0.0194,0.0000
1.0493,4.5235,-0.2700,0.7146,-0.0427,0.0000
1.0503,4.5233,-0.2454,0.7146,-0.0388,0.0000
1.0513,4.5235,0.2209,0.7146,0.0349,0.0000
1.0523,4.5233,-0.3682,0.7146,-0.0582,0.0000
1.0533,4.5231,-0.6627,0.7146,-0.1047,0.0000
1.0543,4.5235,0.0982,0.7146,0.0155,-0.0039
1.0553,4.5235,0.0000,0.7146,0.0000,0.0039
1.0563,4.5235,0.0491,0.7146,0.0078,0.0039
1.0573,4.5235,0.0491,0.7146,0.0078,0.0039
1.0583,4.5235,0.0982,0.7146,0.0155,0.0000
1.0593,4.5233,-0.2209,0.7146,-0.0349,-0.0039
1.0603,4.5233,-0.2454,0.7146,-0.0388,0.0000
1.0614,4.5233,-0.2454,0.7146,-0.0388,0.0000
1.0624,4.5235,0.1227,0.7146,0.0194,-0.0039
1.0634,4.5233,-0.2700,0.7146,-0.0427,0.0000
1.0643,4.5233,-0.2700,0.7146,-0.0427,0.0000
1.0653,4.5235,0.1227,0.7146,0.0194,0.0000
1.0663,4.5233,-0.2454,0.7146,-0.0388,-0.0039
1.0673,4.5237,0.4663,0.7146,0.0737,0.0000
1.0683,4.5233,-0.2700,0.7146,-0.0427,0.0000
1.0693,4.5235,0.0000,0.7146,0.0000,0.0039
1.0703,4.5231,-0.7609,0.7146,-0.1202,0.0000
1.0713,4.5235,0.1718,0.7146,0.0271,0.0000
1.0724,4.5233,-0.1718,0.7146,-0.0271,0.0000
1.0733,4.5233,-0.2454,0.7146,-0.0388,0.0000
1.0743,4.5235,0.0736,0.7146,0.0116,0.0000
1.0753,4.5235,0.1227,0.7146,0.0194,0.0000
1.0763,4.5235,0.0982,0.7146,0.0155,-0.0039
1.0773,4.5235,0.0982,0.7146,0.0155,0.0000
1.0783,4.5233,-0.3436,0.7146,-0.0543,0.0039
1.0793,4.5233,-0.2700,0.7146,-0.0427,0.0039
1.0803,4.5235,0.0736,0.7146,0.0116,-0.0039
1.0813,4.5235,0.0736,0.7146,0.0116,0.0039
1.0823,4.5235,0.0000,0.7146,0.0000,0.0039
1.0833,4.5235,0.0736,0.7146,0.0116,0.0000
1.0843,4.5235,0.1227,0.7146,0.0194,0.0000
1.0854,4.5235,0.0982,0.7146,0.0155,0.0000
1.0863,4.5233,-0.2209,0.7146,-0.0349,0.0000
1.0873,4.5235,0.0000,0.7146,0.0000,-0.0039
1.0883,4.5235,0.1227,0.7146,0.0194,0.0000
1.0893,4.5233,-0.3191,0.7146,-0.0504,0.0000
1.0903,4.5235,0.0491,0.7146,0.0078,0.0000
1.0913,4.5233,-0.1963,0.7146,-0.0310,0.0000
1.0923,4.5233,-0.2454,0.7146,-0.0388,0.0000
1.0933,4.5233,-0.2945,0.7146,-0.0465,-0.0039
1.0943,4.5235,0.1227,0.7146,0.0194,0.0000
1.0953,4.5233,-0.2454,0.7146,-0.0388,0.0000
1.0963,4.5235,0.0245,0.7146,0.0039,0.0000
1.0973,4.5235,0.0982,0.7146,0.0155,0.0000
1.0983,4.5233,-0.2700,0.7146,-0.0427,0.0000
1.0993,4.5235,0.0982,0.7146,0.0155,0.0000
1.1003,4.5235,0.0000,0.7146,0.0000,0.0039
1.1013,4.5235,-0.0491,0.7146,-0.0078,0.0000
1.1023,4.5233,-0.1718,0.7146,-0.0271,0.0039
1.1033,4.5235,0.1227,0.7146,0.0194,0.0000
1.1043,4.5233,-0.3436,0.7146,-0.0543,0.0000
1.1053,4.5233,-0.2454,0.7146,-0.0388,0.0000
1.1063,4.5233,-0.2700,0.7146,-0.0427,0.0000
1.1073,4.5235,0.0982,0.7146,0.0155,0.0039
1.1083,4.5233,-0.2700,0.7146,-0.0427,0.0000
1.1093,4.5235,0.1473,0.7146,0.0233,0.0000
1.1103,4.5233,-0.2945,0.7146,-0.0465,0.0000
1.1113,4.5235,0.0736,0.7146,0.0116,-0.0039
1.1123,4.5233,-0.2454,0.7146,-0.0388,-0.0039
1.1133,4.5233,-0.1718,0.7146,-0.0271,0.0039
1.1143,4.5235,0.0245,0.7146,0.0039,0.0000
1.1153,4.5235,0.1227,0.7146,0.0194,0.0000
1.1163,4.5231,-0.6381,0.7146,-0.1008,0.0000
1.1173,4.5235,0.0491,0.7146,0.0078,0.0039
1.1183,4.5233,-0.1473,0.7146,-0.0233,0.0000
1.1193,4.5235,0.1227,0.7146,0.0194,0.0039
1.1203,4.5233,-0.2945,0.7146,-0.0465,0.0000
1.1213,4.5233,-0.2209,0.7146,-0.0349,-0.0039
1.1223,4.5233,-0.2454,0.7146,-0.0388,0.0000
1.1233,4.5233,-0.3682,0.7146,-0.0582,0.0000
1.1243,4.5235,0.1227,0.7146,0.0194,0.0039
1.1253,4.5235,0.1227,0.7146,0.0194,0.0000
1.1263,4.5235,0.0245,0.7146,0.0039,0.0000
1.1273,4.5233,-0.2700,0.7146,-0.0427,0.0000
1.1283,4.5233,-0.1718,0.7146,-0.0271,0.0000
1.1293,4.5235,0.1473,0.7146,0.0233,-0.0039
1.1303,4.5233,-0.2209,0.7146,-0.0349,0.0000
1.1313,4.5233,-0.2700,0.7146,-0.0427,0.0000
1.1323,4.5233,-0.2945,0.7146,-0.0465,0.0000
1.1333,4.5235,-0.3191,0.7146,-0.0504,0.0000
1.1343,4.5233,0.2945,0.7146,0.0465,0.0039
1.1353,4.5231,-0.7609,0.7146,-0.1202,0.0039
1.1363,4.5233,-0.2454,0.7146,-0.0388,0.0039
1.1373,4.5235,0.0982,0.7146,0.0155,0.0000
1.1383,4.5235,0.0491,0.7146,0.0078,0.0039
1.1393,4.5235,-0.0491,0.7146,-0.0078,0.0000
1.1403,4.5235,-0.3927,0.7146,-0.0620,0.0039
1.1413,4.5233,0.0736,0.7146,0.0116,0.0000
1.1423,4.5233,-0.2209,0.7146,-0.0349,0.0000
1.1433,4.5233,0.0491,0.7146,0.0078,0.0000
1.1443,4.5235,0.0245,0.7146,0.0039,0.0039
1.1453,4.5235,0.1963,0.7146,0.0310,-0.0039
1.1463,4.5235,0.0245,0.7146,0.0039,0.0000
1.1473,4.5233,-0.3436,0.7146,-0.0543,0.0000
1.1483,4.5233,-0.3191,0.7146,-0.0504,0.0039
1.1493,4.5235,0.1718,0.7146,0.0271,0.0000
1.1503,4.5235,-0.0245,0.7146,-0.0039,-0.0039
1.1513,4.5233,-0.2945,0.7146,-0.0465,0.0039
1.1523,4.5233,-0.1473,0.7146,-0.0233,0.0000
1.1533,4.5233,-0.1473,0.7146,-0.0233,0.0000
1.1553,4.5233,-0.3191,0.7146,-0.0504,0.0039
1.1563,4.5235,0.0982,0.7146,0.0155,0.0000
1.1573,4.5235,-0.2700,0.7146,-0.0427,0.0000
1.1583,4.5235,0.0491,0.7146,0.0078,0.0000
1.1593,4.5235,0.0736,0.7146,0.0116,0.0039
1.1603,4.5231,-0.5890,0.7146,-0.0931,0.0039
1.1613,4.5235,0.1227,0.7146,0.0194,0.0000
1.1623,4.5235,0.1227,0.7146,0.0194,0.0000
1.1633,4.5233,-0.2700,0.7146,-0.0427,0.0039
1.1643,4.5235,0.1227,0.7146,0.0194,0.0000
1.1653,4.5233,-0.2700,0.7146,-0.0427,0.0000
1.1663,4.5231,-0.7609,0.7146,-0.1202,0.0039
1.1673,4.5235,-0.2945,0.7146,-0.0465,0.0000
1.1683,4.5235,0.0736,0.7146,0.0116,0.0039
1.1693,4.5235,0.0491,0.7146,0.0078,0.0000
1.1703,4.5235,0.0245,0.7146,0.0039,0.0000
1.1713,4.5233,0.0736,0.7146,0.0116,0.0039
1.1723,4.5233,-0.2454,0.7146,-0.0388,0.0039
1.1733,4.5233,-0.2454,0.7146,-0.0388,0.0039
1.1743,4.5235,0.1227,0.7146,0.0194,0.0000
1.1753,4.5235,0.0491,0.7146,0.0078,0.0000
1.1763,4.5233,-0.2454,0.7146,-0.0388,0.0000
1.1773,4.5235,0.2209,0.7146,0.0349,0.0000
1.1783,4.5233,-0.2454,0.7146,-0.0388,-0.0039
1.1793,4.5235,0.0491,0.7146,0.0078,-0.0039
1.1804,4.5233,-0.3927,0.7146,-0.0620,0.0000
1.1813,4.5231,-0.6136,0.7146,-0.0969,0.0039
1.1823,4.5231,-0.6381,0.7146,-0.1008,0.0000
1.1833,4.5235,0.0491,0.7146,0.0078,0.0000
1.1843,4.5231,-0.5890,0.7146,-0.0931,0.0000
1.1853,4.5233,-0.2454,0.7146,-0.0388,0.0000
1.1863,4.5235,0.0000,0.7146,0.0000,0.0000
1.1873,4.5233,-0.3927,0.7146,-0.0620,0.0039
1.1883,4.5231,-0.5400,0.7146,-0.0853,0.0000
1.1893,4.5233,-0.2454,0.7146,-0.0388,0.0000
1.1903,4.5235,0.0736,0.7146,0.0116,0.0000
1.1913,4.5233,-0.1963,0.7146,-0.0310,0.0000
1.1923,4.5231,-0.5645,0.7146,-0.0892,0.0000
1.1933,4.5233,-0.1718,0.7146,-0.0271,-0.0039
1.1943,4.5233,-0.1227,0.7146,-0.0194,0.0000
1.1953,4.5233,-0.0982,0.7146,-0.0155,0.0000
1.1963,4.5233,-0.3191,0.7146,-0.0504,0.0000
1.1973,4.5231,-0.4909,0.7146,-0.0775,0.0039
1.1983,4.5233,-0.2454,0.7146,-0.0388,-0.0039
1.1993,4.5231,-0.5400,0.7146,-0.0853,0.0039
1.2003,4.5233,-0.2209,0.7146,-0.0349,0.0000
1.2013,4.5233,-0.2209,0.7146,-0.0349,-0.0039
1.2023,4.5233,-0.2454,0.7146,-0.0388,-0.0039
1.2033,4.5235,-0.2454,0.7146,-0.0388,0.0039
1.2043,4.5233,-0.1963,0.7146,-0.0310,0.0000
1.2053,4.5233,-0.2454,0.7146,-0.0388,-0.0039
1.2063,4.5233,-0.1718,0.7146,-0.0271,0.0000
1.2073,4.5233,-0.2454,0.7146,-0.0388,0.0000
1.2083,4.5233,-0.1963,0.7146,-0.0310,-0.0039
1.2093,4.5233,-0.2209,0.7146,-0.0349,-0.0039
1.2103,4.5235,0.1227,0.7146,0.0194,0.0000
1.2113,4.5235,0.0982,0.7146,0.0155,0.0039
1.2123,4.5233,-0.2454,0.7146,-0.0388,0.0039
1.2133,4.5233,-0.2454,0.7146,-0.0388,0.0000
1.2143,4.5233,-0.1718,0.7146,-0.0271,0.0000
1.2153,4.5233,-0.1718,0.7146,-0.0271,0.0000
1.2163,4.5231,-0.5645,0.7146,-0.0892,-0.0039
1.2173,4.5233,-0.1963,0.7146,-0.0310,-0.0039
1.2183,4.5233,-0.2209,0.7146,-0.0349,0.0000
1.2193,4.5233,-0.2209,0.7146,-0.0349,0.0039
1.2203,4.5233,-0.1963,0.7146,-0.0310,0.0000
1.2213,4.5231,-0.4663,0.7146,-0.0737,0.0000
1.2223,4.5233,-0.0736,0.7146,-0.0116,0.0000
1.2233,4.5231,-0.3682,0.7146,-0.0582,0.0000
1.2243,4.5231,-0.4663,0.7146,-0.0737,-0.0039
1.2253,4.5235,0.2454,0.7146,0.0388,0.0000
1.2263,4.5235,0.1718,0.7146,0.0271,0.0000
1.2273,4.5233,-0.1718,0.7146,-0.0271,0.0000
1.2283,4.5231,-0.6627,0.7146,-0.1047,0.0000
1.2293,4.5231,-0.6136,0.7146,-0.0969,-0.0039
1.2303,4.5233,-0.2454,0.7146,-0.0388,0.0000
1.2313,4.5237,0.4663,0.7146,0.0737,0.0000
1.2323,4.5233,-0.2209,0.7146,-0.0349,0.0000
1.2333,4.5235,0.1227,0.7146,0.0194,0.0000
1.2343,4.5231,-0.5400,0.7146,-0.0853,0.0039
1.2353,4.5231,-0.4172,0.7146,-0.0659,0.0000
1.2363,4.5233,-0.0982,0.7146,-0.0155,-0.0039
1.2373,4.5233,-0.0982,0.7146,-0.0155,0.0000
1.2383,4.5233,-0.2209,0.7146,-0.0349,0.0000
1.2393,4.5235,0.2454,0.7146,0.0388,0.0000
1.2403,4.5235,0.2209,0.7146,0.0349,-0.0039
1.2413,4.5235,0.1227,0.7146,0.0194,-0.0039
1.2423,4.5233,-0.1963,0.7146,-0.0310,0.0000
1.2433,4.5235,0.1227,0.7146,0.0194,0.0000
1.2443,4.5235,0.1227,0.7146,0.0194,0.0000
1.2453,4.5235,0.1227,0.7146,0.0194,0.0000
1.2463,4.5233,-0.0491,0.7146,-0.0078,0.0000
1.2473,4.5235,0.2209,0.7146,0.0349,0.0078
1.2483,4.5231,-0.5400,0.7146,-0.0853,0.0039
1.2493,4.5235,0.1473,0.7146,0.0233,0.0000
1.2503,4.5233,-0.2209,0.7146,-0.0349,0.0039
1.2513,4.5231,-0.5400,0.7146,-0.0853,0.0000
1.2523,4.5231,-0.5400,0.7146,-0.0853,0.0000
1.2533,4.5233,-0.1963,0.7146,-0.0310,0.0039
1.2543,4.5233,-0.1473,0.7146,-0.0233,0.0039
1.2553,4.5231,-0.4909,0.7146,-0.0775,0.0000
1.2563,4.5233,-0.2209,0.7146,-0.0349,0.0000
1.2573,4.5233,-0.1718,0.7146,-0.0271,0.0000
1.2583,4.5233,-0.1963,0.7146,-0.0310,0.0039
1.2593,4.5233,-0.5400,0.7146,-0.0853,0.0000
1.2603,4.5231,-0.5645,0.7146,-0.0892,0.0000
1.2613,4.5233,-0.2454,0.7146,-0.0388,0.0000
1.2623,4.5235,0.0491,0.7146,0.0078,0.0000
1.2633,4.5233,-0.2454,0.7146,-0.0388,0.0039
1.2643,4.5235,0.0982,0.7146,0.0155,0.0000
1.2653,4.5235,0.0491,0.7146,0.0078,0.0000
1.2663,4.5235,0.1963,0.7146,0.0310,0.0039
1.2673,4.5233,-0.2700,0.7146,-0.0427,0.0000
1.2683,4.5233,-0.2454,0.7146,-0.0388,0.0000
1.2693,4.5233,-0.2454,0.7146,-0.0388,0.0000
1.2703,4.5233,-0.2454,0.7146,-0.0388,0.0000
1.2713,4.5233,-0.1963,0.7146,-0.0310,0.0000
1.2723,4.5235,0.1227,0.7146,0.0194,0.0000
1.2733,4.5233,-0.2454,0.7146,-0.0388,-0.0039
1.2743,4.5235,0.1473,0.7146,0.0233,0.0000
1.2753,4.5237,0.3436,0.7146,0.0543,0.0000
1.2763,4.5233,-0.3191,0.7146,-0.0504,-0.0039
1.2773,4.5235,0.0245,0.7146,0.0039,-0.0039
1.2783,4.5231,-0.6872,0.7146,-0.1086,0.0000
1.2793,4.5233,-0.1963,0.7146,-0.0310,0.0000
1.2803,4.5233,-0.2700,0.7146,-0.0427,-0.0039
1.2813,4.5233,-0.2209,0.7146,-0.0349,-0.0039
1.2823,4.5235,0.0982,0.7146,0.0155,0.0000
1.2833,4.5233,-0.2454,0.7146,-0.0388,0.0000
1.2843,4.5235,0.1227,0.7146,0.0194,0.0000
1.2853,4.5233,-0.2700,0.7146,-0.0427,0.0000
1.2863,4.5233,-0.3682,0.7146,-0.0582,0.0000
1.2873,4.5231,-0.6872,0.7146,-0.1086,0.0000
1.2883,4.5233,-0.3436,0.7146,-0.0543,0.0000
1.2893,4.5231,-0.3927,0.7146,-0.0620,0.0000
1.2903,4.5237,0.3191,0.7146,0.0504,0.0039
1.2913,4.5233,-0.2454,0.7146,-0.0388,-0.0039
1.2923,4.5233,-0.2945,0.7146,-0.0465,0.0000
1.2933,4.5235,0.0736,0.7146,0.0116,0.0000
1.2943,4.5233,-0.3682,0.7146,-0.0582,0.0000
1.2953,4.5235,0.0736,0.7146,0.0116,0.0000
1.2963,4.5235,0.0491,0.7146,0.0078,0.0000
1.2973,4.5237,0.4172,0.7146,0.0659,-0.0039
1.2983,4.5233,-0.2454,0.7146,-0.0388,-0.0039
1.2995,4.5233,-0.2454,0.7146,-0.0388,0.0000
1.3013,4.5233,-0.2700,0.7146,-0.0427,0.0000
1.3023,4.5235,0.0000,0.7146,0.0000,0.0000
1.3033,4.5235,-0.0245,0.7146,-0.0039,0.0039
1.3043,4.5235,0.0245,0.7146,0.0039,0.0000
1.3053,4.5233,-0.2454,0.7146,-0.0388,-0.0039
1.3063,4.5237,0.3436,0.7146,0.0543,0.0000
1.3073,4.5233,-0.3191,0.7146,-0.0504,0.0000
1.3083,4.5233,-0.2454,0.7146,-0.0388,0.0000
1.3093,4.5233,-0.3436,0.7146,-0.0543,0.0000
1.3103,4.5235,-0.2700,0.7146,-0.0427,0.0000
1.3113,4.5235,0.0736,0.7146,0.0116,0.0000
1.3123,4.5231,-0.5400,0.7146,-0.0853,0.0000
1.3133,4.5233,-0.2454,0.7146,-0.0388,0.0000
1.3145,4.5233,-0.2945,0.7146,-0.0465,0.0000
1.3163,4.5235,0.0736,0.7146,0.0116,0.0000
1.3173,4.5235,-0.3682,0.7146,-0.0582,0.0000
1.3183,4.5235,0.0982,0.7146,0.0155,0.0000
1.3193,4.5233,-0.2700,0.7146,-0.0427,0.0000
1.3203,4.5235,0.1227,0.7146,0.0194,0.0000
1.3213,4.5235,0.1227,0.7146,0.0194,0.0000
1.3223,4.5233,-0.3682,0.7146,-0.0582,0.0000
1.3233,4.5233,-0.2700,0.7146,-0.0427,0.0039
1.3243,4.5235,0.1227,0.7146,0.0194,-0.0039
1.3253,4.5233,-0.2454,0.7146,-0.0388,0.0000
1.3263,4.5233,-0.2454,0.7146,-0.0388,-0.0039
1.3273,4.5233,-0.1963,0.7146,-0.0310,-0.0039
1.3283,4.5233,-0.1963,0.7146,-0.0310,-0.0039
1.3293,4.5235,0.1718,0.7146,0.0271,0.0000
1.3303,4.5235,0.2454,0.7146,0.0388,0.0039
1.3313,4.5233,-0.1473,0.7146,-0.0233,0.0039
1.3323,4.5233,-0.0982,0.7146,-0.0155,0.0000
1.3333,4.5235,0.1963,0.7146,0.0310,0.0000
1.3343,4.5233,-0.2454,0.7146,-0.0388,0.0000
1.3353,4.5233,-0.1963,0.7146,-0.0310,0.0039
1.3363,4.5231,-0.6136,0.7146,-0.0969,0.0000
1.3373,4.5235,0.1718,0.7146,0.0271,0.0000
1.3383,4.5231,-0.5154,0.7146,-0.0814,0.0000
1.3393,4.5233,-0.1227,0.7146,-0.0194,0.0000
1.3403,4.5233,-0.1227,0.7146,-0.0194,-0.0039
1.3413,4.5231,-0.4663,0.7146,-0.0737,0.0000
1.3423,4.5233,-0.1227,0.7146,-0.0194,0.0000
1.3433,4.5231,-0.5154,0.7146,-0.0814,0.0000
1.3443,4.5233,-0.2700,0.7146,-0.0427,0.0000
1.3453,4.5235,0.0736,0.7146,0.0116,-0.0039
1.3463,4.5235,0.1227,0.7146,0.0194,0.0000
1.3473,4.5233,-0.2454,0.7146,-0.0388,0.0000
1.3483,4.5235,0.0982,0.7146,0.0155,0.0000
1.3493,4.5231,-0.5890,0.7146,-0.0931,0.0000
1.3503,4.5233,-0.2454,0.7146,-0.0388,0.0039
1.3513,4.5235,-0.1963,0.7146,-0.0310,0.0000
1.3523,4.5233,-0.1718,0.7146,-0.0271,0.0000
1.3533,4.5231,-0.4663,0.7146,-0.0737,0.0000
1.3543,4.5233,-0.1718,0.7146,-0.0271,-0.0039
1.3553,4.5233,-0.0982,0.7146,-0.0155,0.0000
1.3563,4.5233,-0.1227,0.7146,-0.0194,0.0000
1.3573,4.5233,0.0000,0.7146,0.0000,0.0039
1.3583,4.5233,-0.0736,0.7146,-0.0116,0.0000
1.3593,4.5233,-0.0982,0.7146,-0.0155,0.0000
1.3603,4.5233,-0.0982,0.7146,-0.0155,0.0000
1.3613,4.5231,-0.5400,0.7146,-0.0853,0.0039
1.3623,4.5233,-0.0245,0.7146,-0.0039,0.0000
1.3633,4.5233,0.0000,0.7146,0.0000,0.0000
1.3643,4.5231,-0.4909,0.7146,-0.0775,0.0000
1.3653,4.5231,-0.3927,0.7146,-0.0620,0.0000
1.3663,4.5235,0.3436,0.7146,0.0543,-0.0039
1.3673,4.5231,-0.3927,0.7146,-0.0620,0.0000
1.3683,4.5231,-0.4418,0.7146,-0.0698,0.0000
1.3693,4.5233,0.0000,0.7146,0.0000,0.0000
1.3703,4.5233,-0.0245,0.7146,-0.0039,0.0000
1.3713,4.5231,-0.4172,0.7146,-0.0659,-0.0039
1.3723,4.5233,-0.0982,0.7146,-0.0155,0.0000
1.3733,4.5233,-0.0982,0.7146,-0.0155,-0.0039
1.3743,4.5233,-0.1473,0.7146,-0.0233,0.0000
1.3753,4.5233,-0.2209,0.7146,-0.0349,0.0000
1.3763,4.5231,-0.4909,0.7146,-0.0775,0.0000
1.3773,4.5233,-0.1473,0.7146,-0.0233,-0.0039
1.3783,4.5231,-0.4418,0.7146,-0.0698,0.0000
1.3793,4.5231,-0.4909,0.7146,-0.0775,-0.0039
1.3803,4.5231,-0.4172,0.7146,-0.0659,0.0000
1.3813,4.5235,0.2454,0.7146,0.0388,0.0000
1.3823,4.5235,0.1227,0.7146,0.0194,-0.0039
1.3833,4.5235,0.1718,0.7146,0.0271,0.0000
1.3843,4.5233,-0.1473,0.7146,-0.0233,0.0000
1.3853,4.5231,-0.5400,0.7146,-0.0853,0.0000
1.3863,4.5231,-0.5400,0.7146,-0.0853,0.0000
1.3873,4.5231,-0.5400,0.7146,-0.0853,0.0039
1.3883,4.5233,-0.2945,0.7146,-0.0465,0.0000
1.3893,4.5235,0.1473,0.7146,0.0233,0.0000
1.3903,4.5231,-0.5154,0.7146,-0.0814,0.0000
1.3913,4.5231,-0.5890,0.7146,-0.0931,-0.0039
1.3923,4.5231,-0.5890,0.7146,-0.0931,0.0000
1.3933,4.5233,-0.1718,0.7146,-0.0271,0.0000
1.3943,4.5233,-0.1718,0.7146,-0.0271,0.0000
1.3953,4.5233,-0.1718,0.7146,-0.0271,-0.0039
1.3963,4.5235,0.1473,0.7146,0.0233,0.0000
1.3973,4.5233,-0.1227,0.7146,-0.0194,0.0000
1.3983,4.5235,0.1963,0.7146,0.0310,0.0039
1.3993,4.5231,-0.5400,0.7146,-0.0853,0.0000
1.4003,4.5233,-0.1473,0.7146,-0.0233,0.0000
1.4013,4.5233,-0.2454,0.7146,-0.0388,0.0000
1.4023,4.5233,-0.1963,0.7146,-0.0310,0.0000
1.4033,4.5235,0.1227,0.7146,0.0194,-0.0039
1.4043,4.5233,-0.2209,0.7146,-0.0349,0.0000
1.4053,4.5233,-0.2209,0.7146,-0.0349,0.0000
1.4063,4.5235,0.1718,0.7146,0.0271,0.0000
1.4073,4.5233,-0.2454,0.7146,-0.0388,0.0000
1.4083,4.5235,0.1718,0.7146,0.0271,0.0000
1.4093,4.5233,-0.1963,0.7146,-0.0310,0.0000
1.4103,4.5233,-0.1227,0.7146,-0.0194,0.0039
1.4113,4.5233,0.1963,0.7146,0.0310,0.0000
1.4126,4.5231,-0.4172,0.7146,-0.0659,0.0000
1.4143,4.5231,-0.3682,0.7146,-0.0582,0.0039
1.4153,4.5235,0.3191,0.7146,0.0504,0.0000
1.4163,4.5235,0.1963,0.7146,0.0310,0.0000
1.4173,4.5235,0.1473,0.7146,0.0233,0.0000
1.4183,4.5235,0.0982,0.7146,0.0155,0.0000
1.4193,4.5235,0.1227,0.7146,0.0194,0.0000
1.4203,4.5233,-0.1227,0.7146,-0.0194,0.0000
1.4213,4.5233,-0.2454,0.7146,-0.0388,0.0078
1.4223,4.5233,-0.0736,0.7146,-0.0116,-0.0039
1.4233,4.5235,0.2209,0.7146,0.0349,0.0000
1.4243,4.5233,-0.1718,0.7146,-0.0271,0.0000
1.4253,4.5233,-0.1718,0.7146,-0.0271,0.0000
1.4263,4.5235,0.1227,0.7146,0.0194,0.0000
1.4273,4.5235,0.0736,0.7146,0.0116,0.0039
1.4283,4.5235,0.0491,0.7146,0.0078,0.0039
1.4293,4.5235,0.0000,0.7146,0.0000,0.0039
1.4303,4.5233,-0.3682,0.7146,-0.0582,0.0000
1.4313,4.5235,0.1473,0.7146,0.0233,0.0000
1.4323,4.5235,0.0982,0.7146,0.0155,0.0000
1.4333,4.5233,-0.2700,0.7146,-0.0427,0.0000
1.4343,4.5235,0.1718,0.7146,0.0271,0.0000
1.4353,4.5233,-0.2454,0.7146,-0.0388,0.0000
1.4363,4.5235,0.0736,0.7146,0.0116,-0.0039
1.4373,4.5233,-0.1963,0.7146,-0.0310,0.0039
1.4383,4.5235,0.1718,0.7146,0.0271,0.0000
1.4393,4.5233,-0.2454,0.7146,-0.0388,0.0039
1.4403,4.5233,-0.2454,0.7146,-0.0388,0.0000
1.4413,4.5231,-0.1718,0.7146,-0.0271,0.0000
1.4423,4.5233,-0.2454,0.7146,-0.0388,0.0000
1.4433,4.5237,0.4172,0.7146,0.0659,0.0000
1.4443,4.5231,-0.2209,0.7146,-0.0349,0.0000
1.4453,4.5235,0.0491,0.7146,0.0078,0.0000
1.4463,4.5233,-0.3927,0.7146,-0.0620,0.0000
1.4473,4.5233,-0.2454,0.7146,-0.0388,0.0000
1.4483,4.5231,-0.6136,0.7146,-0.0969,-0.0039
1.4493,4.5235,0.0736,0.7146,0.0116,0.0000
1.4503,4.5233,-0.2454,0.7146,-0.0388,-0.0039
1.4513,4.5235,0.0982,0.7146,0.0155,0.0039
1.4523,4.5233,-0.2700,0.7146,-0.0427,-0.0039
1.4533,4.5233,-0.2454,0.7146,-0.0388,-0.0039
1.4543,4.5233,-0.2454,0.7146,-0.0388,0.0039
1.4553,4.5233,-0.3436,0.7146,-0.0543,0.0000
1.4563,4.5233,-0.3436,0.7146,-0.0543,0.0000
1.4573,4.5233,-0.1963,0.7146,-0.0310,0.0000
1.4583,4.5233,-0.1718,0.7146,-0.0271,0.0039
1.4593,4.5233,-0.2209,0.7146,-0.0349,-0.0039
1.4603,4.5233,-0.1473,0.7146,-0.0233,-0.0039
1.4613,4.5235,0.1473,0.7146,0.0233,0.0000
1.4623,4.5233,-0.3927,0.7146,-0.0620,0.0000
1.4633,4.5233,-0.4418,0.7146,-0.0698,0.0000
1.4643,4.5233,-0.3436,0.7146,-0.0543,-0.0039
1.4653,4.5233,-0.2454,0.7146,-0.0388,0.0000
1.4663,4.5235,0.0982,0.7146,0.0155,0.0039
1.4673,4.5233,-0.3682,0.7146,-0.0582,-0.0039
1.4683,4.5233,-0.1963,0.7146,-0.0310,0.0000
1.4703,4.5233,-0.2454,0.7146,-0.0388,0.0000
1.4713,4.5235,0.1473,0.7146,0.0233,0.0000
1.4723,4.5235,0.1227,0.7146,0.0194,0.0039
1.4733,4.5233,-0.1963,0.7146,-0.0310,0.0000
1.4743,4.5231,-0.4663,0.7146,-0.0737,0.0000
1.4753,4.5235,0.2209,0.7146,0.0349,-0.0039
1.4763,4.5233,-0.1963,0.7146,-0.0310,0.0000
1.4773,4.5233,-0.2209,0.7146,-0.0349,0.0000
1.4783,4.5233,-0.2700,0.7146,-0.0427,0.0039
1.4793,4.5231,-0.6627,0.7146,-0.1047,-0.0039
1.4803,4.5233,-0.2209,0.7146,-0.0349,0.0000
1.4813,4.5231,-0.5154,0.7146,-0.0814,0.0000
1.4823,4.5233,-0.0982,0.7146,-0.0155,0.0000
1.4833,4.5233,-0.0736,0.7146,-0.0116,0.0000
1.4843,4.5233,-0.0491,0.7146,-0.0078,0.0000
1.4853,4.5231,-0.4418,0.7146,-0.0698,0.0000
1.4863,4.5233,-0.0982,0.7146,-0.0155,0.0000
1.4873,4.5233,-0.1718,0.7146,-0.0271,-0.0039
1.4883,4.5233,-0.0982,0.7146,-0.0155,0.0000
1.4893,4.5233,-0.0736,0.7146,-0.0116,0.0000
1.4903,4.5231,-0.3927,0.7146,-0.0620,0.0000
1.4913,4.5233,0.0000,0.7146,0.0000,0.0000
1.4923,4.5233,-0.0491,0.7146,-0.0078,-0.0039
1.4933,4.5235,0.3191,0.7146,0.0504,0.0000
1.4943,4.5233,-0.0736,0.7146,-0.0116,-0.0039
1.4953,4.5231,-0.5400,0.7146,-0.0853,0.0000
1.4963,4.5235,0.3191,0.7146,0.0504,0.0000
1.4973,4.5231,-0.3682,0.7146,-0.0582,0.0000
1.4983,4.5233,-0.0245,0.7146,-0.0039,0.0000
1.4993,4.5233,-0.0245,0.7146,-0.0039,0.0000
1.5003,4.5233,-0.0245,0.7146,-0.0039,0.0000
1.5013,4.5231,-0.3927,0.7146,-0.0620,0.0000
1.5023,4.5231,-0.3436,0.7146,-0.0543,0.0039
1.5033,4.5233,-0.0491,0.7146,-0.0078,0.0000
1.5043,4.5233,0.0491,0.7146,0.0078,0.0039
1.5053,4.5233,0.0000,0.7146,0.0000,0.0000
1.5063,4.5233,-0.0491,0.7146,-0.0078,0.0000
1.5073,4.5231,-0.3191,0.7146,-0.0504,0.0000
1.5083,4.5233,-0.0982,0.7146,-0.0155,0.0000
1.5093,4.5233,-0.0736,0.7146,-0.0116,0.0039
1.5103,4.5231,-0.3436,0.7146,-0.0543,0.0000
1.5113,4.5233,-0.0491,0.7146,-0.0078,0.0000
1.5123,4.5233,-0.0736,0.7146,-0.0116,0.0039
1.5133,4.5233,-0.0491,0.7146,-0.0078,0.0039
1.5143,4.5231,-0.3682,0.7146,-0.0582,0.0000
1.5153,4.5233,-0.0491,0.7146,-0.0078,0.0000
1.5163,4.5231,-0.3927,0.7146,-0.0620,0.0000
1.5173,4.5235,0.3436,0.7146,0.0543,0.0000
1.5183,4.5233,-0.1227,0.7146,-0.0194,-0.0039
1.5193,4.5233,-0.0245,0.7146,-0.0039,0.0000
1.5203,4.5233,-0.0982,0.7146,-0.0155,0.0000
1.5213,4.5231,-0.3682,0.7146,-0.0582,-0.0039
1.5223,4.5233,-0.0736,0.7146,-0.0116,0.0000
1.5233,4.5231,-0.2945,0.7146,-0.0465,0.0000
1.5243,4.5231,-0.3682,0.7146,-0.0582,0.0000
1.5253,4.5233,0.0000,0.7146,0.0000,0.0000
1.5263,4.5233,-0.0491,0.7146,-0.0078,0.0039
1.5273,4.5233,0.0245,0.7146,0.0039,0.0039
1.5283,4.5233,-0.0245,0.7146,-0.0039,0.0039
1.5293,4.5235,0.3436,0.7146,0.0543,-0.0039
1.5303,4.5231,-0.3927,0.7146,-0.0620,0.0000
1.5313,4.5233,-0.0245,0.7146,-0.0039,0.0000
1.5323,4.5233,0.0000,0.7146,0.0000,0.0000
1.5333,4.5233,-0.0982,0.7146,-0.0155,0.0000
1.5343,4.5231,-0.3436,0.7146,-0.0543,-0.0039
1.5353,4.5233,-0.0245,0.7146,-0.0039,0.0000
1.5363,4.5233,-0.0982,0.7146,-0.0155,0.0000
1.5373,4.5233,-0.0982,0.7146,-0.0155,-0.0039
1.5383,4.5233,-0.0245,0.7146,-0.0039,0.0000
1.5393,4.5231,-0.4172,0.7146,-0.0659,0.0000
1.5403,4.5233,-0.0491,0.7146,-0.0078,0.0039
1.5413,4.5233,0.0000,0.7146,0.0000,0.0039
1.5423,4.5233,0.0982,0.7146,0.0155,0.0000
1.5433,4.5233,0.0245,0.7146,0.0039,0.0000
1.5443,4.5233,-0.3927,0.7146,-0.0620,0.0000
1.5453,4.5231,-0.2945,0.7146,-0.0465,0.0039
1.5463,4.5233,-0.0982,0.7146,-0.0155,0.0000
1.5473,4.5233,0.0245,0.7146,0.0039,0.0000
1.5483,4.5233,-0.0491,0.7146,-0.0078,0.0000
1.5493,4.5231,-0.3927,0.7146,-0.0620,0.0000
1.5503,4.5233,0.0736,0.7146,0.0116,0.0039
1.5513,4.5235,0.4172,0.7146,0.0659,0.0000
1.5523,4.5235,0.2700,0.7146,0.0427,0.0000
1.5533,4.5231,-0.2945,0.7146,-0.0465,0.0000
1.5543,4.5233,0.0000,0.7146,0.0000,0.0000
1.5553,4.5233,0.0491,0.7146,0.0078,0.0000
1.5563,4.5233,0.0000,0.7146,0.0000,0.0039
1.5573,4.5233,0.0245,0.7146,0.0039,0.0039
1.5586,4.5235,0.3436,0.7146,0.0543,0.0000
1.5603,4.5231,-0.2700,0.7146,-0.0427,0.0000
1.5613,4.5235,0.4172,0.7146,0.0659,0.0000
1.5623,4.5231,-0.3436,0.7146,-0.0543,0.0039
1.5633,4.5231,-0.3927,0.7146,-0.0620,0.0000
1.5643,4.5233,-0.0245,0.7146,-0.0039,0.0000
1.5653,4.5233,-0.0491,0.7146,-0.0078,0.0000
1.5663,4.5233,0.0245,0.7146,0.0039,0.0000
1.5673,4.5233,0.0245,0.7146,0.0039,-0.0039
1.5683,4.5231,-0.3927,0.7146,-0.0620,0.0000
1.5693,4.5233,0.0245,0.7146,0.0039,0.0000
1.5703,4.5231,-0.2700,0.7146,-0.0427,0.0000
1.5713,4.5231,-0.3682,0.7146,-0.0582,0.0039
1.5724,4.5231,-0.4172,0.7146,-0.0659,0.0000
1.5733,4.5231,-0.3436,0.7146,-0.0543,0.0000
1.5743,4.5231,0.0491,0.7146,0.0078,0.0039
1.5753,4.5233,-0.7609,0.7146,-0.1202,0.0000
1.5763,4.5233,-0.0982,0.7146,-0.0155,0.0000
1.5773,4.5233,-0.0245,0.7146,-0.0039,0.0000
1.5783,4.5233,0.0491,0.7146,0.0078,-0.0039
1.5793,4.5231,-0.3191,0.7146,-0.0504,0.0000
1.5803,4.5233,0.0000,0.7146,0.0000,0.0000
1.5813,4.5231,-0.3191,0.7146,-0.0504,0.0039
1.5823,4.5231,-0.3191,0.7146,-0.0504,-0.0039
1.5833,4.5231,-0.3682,0.7146,-0.0582,-0.0039
1.5843,4.5231,-0.2700,0.7146,-0.0427,-0.0039
1.5853,4.5231,-0.3927,0.7146,-0.0620,0.0039
1.5863,4.5231,-0.3682,0.7146,-0.0582,0.0000
1.5873,4.5233,0.0000,0.7146,0.0000,0.0000
1.5883,4.5233,0.1227,0.7146,0.0194,-0.0039
1.5893,4.5231,-0.2700,0.7146,-0.0427,0.0000
1.5903,4.5233,0.0000,0.7146,0.0000,-0.0039
1.5914,4.5231,-0.2454,0.7146,-0.0388,0.0000
1.5923,4.5231,-0.0245,0.7146,-0.0039,0.0000
1.5933,4.5233,0.0982,0.7146,0.0155,0.0000
1.5943,4.5233,0.0491,0.7146,0.0078,-0.0039
1.5953,4.5231,-0.2945,0.7146,-0.0465,0.0000
1.5963,4.5233,0.1227,0.7146,0.0194,0.0000
1.5973,4.5233,0.0982,0.7146,0.0155,0.0000
1.5983,4.5233,0.0000,0.7146,0.0000,0.0000
1.5993,4.5233,0.0245,0.7146,0.0039,0.0000
1.6003,4.5233,0.1227,0.7146,0.0194,0.0000
1.6013,4.5231,0.0736,0.7146,0.0116,-0.0039
1.6023,4.5233,0.0982,0.7146,0.0155,0.0039
1.6033,4.5231,-0.3927,0.7146,-0.0620,0.0000
1.6043,4.5231,0.0982,0.7146,0.0155,-0.0039
1.6053,4.5231,-0.2454,0.7146,-0.0388,0.0000
1.6063,4.5231,-0.2945,0.7146,-0.0465,0.0000
1.6073,4.5233,0.0000,0.7146,0.0000,0.0000
1.6083,4.5231,-0.2945,0.7146,-0.0465,0.0039
1.6093,4.5235,0.3927,0.7146,0.0620,0.0000
1.6103,4.5233,0.1227,0.7146,0.0194,0.0039
1.6113,4.5233,0.0000,0.7146,0.0000,0.0000
1.6123,4.5231,-0.3436,0.7146,-0.0543,0.0039
1.6133,4.5231,-0.2700,0.7146,-0.0427,0.0039
1.6145,4.5231,-0.3436,0.7146,-0.0543,0.0039
1.6163,4.5235,0.4418,0.7146,0.0698,0.0000
1.6173,4.5233,0.0000,0.7146,0.0000,0.0000
1.6183,4.5231,-0.2945,0.7146,-0.0465,0.0039
1.6193,4.5231,-0.3436,0.7146,-0.0543,0.0000
1.6203,4.5231,-0.3436,0.7146,-0.0543,0.0000
1.6213,4.5233,-0.0491,0.7146,-0.0078,0.0000
1.6223,4.5233,0.0000,0.7146,0.0000,0.0000
1.6233,4.5233,0.0000,0.7146,0.0000,-0.0039
1.6243,4.5233,0.0736,0.7146,0.0116,-0.0039
1.6253,4.5233,-0.0245,0.7146,-0.0039,0.0039
1.6263,4.5231,-0.3927,0.7146,-0.0620,0.0039
1.6273,4.5231,-0.3436,0.7146,-0.0543,-0.0039
1.6283,4.5231,-0.2945,0.7146,-0.0465,0.0039
1.6293,4.5233,0.0736,0.7146,0.0116,0.0000
1.6303,4.5233,0.1227,0.7146,0.0194,0.0000
1.6313,4.5233,0.0245,0.7146,0.0039,0.0000
1.6323,4.5233,0.0491,0.7146,0.0078,0.0000
1.6333,4.5233,0.0000,0.7146,0.0000,0.0000
1.6343,4.5231,-0.3927,0.7146,-0.0620,0.0000
1.6353,4.5233,0.0000,0.7146,0.0000,-0.0039
1.6363,4.5231,-0.2454,0.7146,-0.0388,0.0000
1.6373,4.5231,-0.2700,0.7146,-0.0427,0.0039
1.6383,4.5231,-0.3436,0.7146,-0.0543,0.0000
1.6393,4.5231,-0.3191,0.7146,-0.0504,0.0000
1.6403,4.5231,-0.1718,0.7146,-0.0271,-0.0039
1.6413,4.5233,0.1473,0.7146,0.0233,0.0000
1.6424,4.5231,-0.1963,0.7146,-0.0310,0.0000
1.6433,4.5233,0.1473,0.7146,0.0233,0.0000
1.6443,4.5231,-0.2454,0.7146,-0.0388,-0.0039
1.6453,4.5233,0.1227,0.7146,0.0194,0.0000
1.6463,4.5231,-0.2700,0.7146,-0.0427,0.0000
1.6473,4.5233,0.0736,0.7146,0.0116,0.0000
1.6483,4.5231,-0.1473,0.7146,-0.0233,-0.0078
1.6493,4.5231,-0.2454,0.7146,-0.0388,-0.0039
1.6503,4.5231,-0.1718,0.7146,-0.0271,0.0000
1.6513,4.5233,0.0982,0.7146,0.0155,0.0039
1.6523,4.5233,0.1227,0.7146,0.0194,0.0000
1.6533,4.5231,-0.2454,0.7146,-0.0388,0.0000
1.6543,4.5231,-0.2700,0.7146,-0.0427,0.0000
1.6553,4.5235,0.3927,0.7146,0.0620,0.0000
1.6563,4.5233,0.1227,0.7146,0.0194,0.0000
1.6573,4.5230,-0.5645,0.7145,-0.0892,-0.0039
1.6583,4.5231,-0.2209,0.7146,-0.0349,0.0000
1.6593,4.5231,-0.1718,0.7146,-0.0271,0.0000
1.6603,4.5231,-0.0982,0.7146,-0.0155,0.0000
1.6613,4.5231,-0.1473,0.7146,-0.0233,0.0000
1.6623,4.5231,-0.1718,0.7146,-0.0271,0.0000
1.6633,4.5231,-0.2209,0.7146,-0.0349,0.0039
1.6643,4.5231,-0.1473,0.7146,-0.0233,0.0000
1.6653,4.5231,-0.1718,0.7146,-0.0271,0.0000
1.6663,4.5231,-0.2454,0.7146,-0.0388,0.0000
1.6673,4.5230,-0.6136,0.7145,-0.0969,0.0039
1.6683,4.5231,-0.1963,0.7146,-0.0310,0.0000
1.6693,4.5231,-0.2945,0.7146,-0.0465,0.0000
1.6715,4.5233,0.1227,0.7146,0.0194,0.0039
1.6733,4.5233,0.1227,0.7146,0.0194,0.0000
1.6743,4.5230,-0.4663,0.7145,-0.0737,0.0039
1.6753,4.5233,0.1963,0.7146,0.0310,0.0039
1.6763,4.5230,-0.5645,0.7145,-0.0892,0.0000
1.6773,4.5233,0.2454,0.7146,0.0388,0.0000
1.6783,4.5231,-0.1718,0.7146,-0.0271,0.0000
1.6793,4.5231,-0.0736,0.7146,-0.0116,0.0000
1.6803,4.5231,-0.0736,0.7146,-0.0116,0.0000
1.6813,4.5231,-0.0245,0.7146,-0.0039,0.0039
1.6823,4.5233,0.2454,0.7146,0.0388,0.0000
1.6833,4.5231,-0.0736,0.7146,-0.0116,0.0000
1.6843,4.5231,-0.1718,0.7146,-0.0271,-0.0039
1.6853,4.5231,-0.3436,0.7146,-0.0543,0.0000
1.6863,4.5231,-0.1963,0.7146,-0.0310,-0.0039
1.6873,4.5231,-0.2454,0.7146,-0.0388,0.0000
1.6883,4.5231,-0.0982,0.7146,-0.0155,0.0000
1.6893,4.5231,-0.2700,0.7146,-0.0427,0.0039
1.6913,4.5233,0.1963,0.7146,0.0310,0.0000
1.6923,4.5233,0.1718,0.7146,0.0271,-0.0039
1.6933,4.5231,-0.2454,0.7146,-0.0388,0.0000
1.6943,4.5233,-0.1963,0.7146,-0.0310,0.0000
1.6953,4.5231,0.2454,0.7146,0.0388,0.0000
1.6963,4.5233,-0.5400,0.7146,-0.0853,0.0039
1.6973,4.5233,0.2700,0.7146,0.0427,0.0000
1.6983,4.5231,-0.1227,0.7146,-0.0194,0.0000
1.6993,4.5233,0.1473,0.7146,0.0233,0.0000
1.7003,4.5231,-0.2454,0.7146,-0.0388,0.0039
1.7013,4.5231,-0.2945,0.7146,-0.0465,0.0039
1.7023,4.5233,0.1227,0.7146,0.0194,0.0039
1.7033,4.5231,-0.0982,0.7146,-0.0155,0.0000
1.7043,4.5231,-0.1718,0.7146,-0.0271,0.0000
1.7053,4.5231,-0.2454,0.7146,-0.0388,0.0039
1.7063,4.5231,-0.1227,0.7146,-0.0194,0.0039
1.7073,4.5231,-0.0245,0.7146,-0.0039,0.0000
1.7083,4.5231,-0.2209,0.7146,-0.0349,0.0000
1.7093,4.5233,0.2700,0.7146,0.0427,0.0000
1.7103,4.5231,-0.1963,0.7146,-0.0310,0.0000
1.7113,4.5230,-0.4663,0.7145,-0.0737,0.0000
1.7123,4.5231,-0.1718,0.7146,-0.0271,0.0000
1.7133,4.5231,-0.1227,0.7146,-0.0194,0.0039
1.7143,4.5231,-0.0491,0.7146,-0.0078,0.0039
1.7153,4.5231,-0.1227,0.7146,-0.0194,0.0039
1.7163,4.5230,-0.5400,0.7145,-0.0853,0.0000
1.7173,4.5233,0.1718,0.7146,0.0271,-0.0039
1.7183,4.5231,-0.0491,0.7146,-0.0078,0.0000
1.7193,4.5231,-0.1227,0.7146,-0.0194,0.0000
1.7203,4.5231,-0.1963,0.7146,-0.0310,0.0000
1.7213,4.5233,0.2454,0.7146,0.0388,0.0000
1.7223,4.5231,-0.2454,0.7146,-0.0388,0.0039
1.7233,4.5230,-0.5400,0.7145,-0.0853,0.0000
1.7243,4.5233,0.1227,0.7146,0.0194,0.0000
1.7253,4.5231,-0.1473,0.7146,-0.0233,0.0000
1.7263,4.5231,-0.1473,0.7146,-0.0233,0.0000
1.7273,4.5230,-0.4909,0.7145,-0.0775,0.0039
1.7283,4.5230,-0.3927,0.7145,-0.0620,-0.0039
1.7293,4.5231,-0.0736,0.7146,-0.0116,0.0000
1.7303,4.5231,-0.0982,0.7146,-0.0155,0.0000
1.7313,4.5231,-0.0736,0.7146,-0.0116,0.0000
1.7323,4.5231,-0.1718,0.7146,-0.0271,0.0000
1.7333,4.5230,-0.5890,0.7145,-0.0931,0.0000
1.7343,4.5231,-0.0982,0.7146,-0.0155,0.0000
1.7353,4.5231,-0.1718,0.7146,-0.0271,0.0000
